,tid,mjd,candid,fid,pid,diffmaglim,isdiffpos,nid,distnr,magpsf,magap,sigmapsf,sigmagap,ra,dec,rb,rbversion,drb,magapbig,sigmagapbig,rfid,has_stamp,corrected,dubious,step_id_corr,phase,parent_candid
0,ztf,58699.318738400005,945318730215015003,1,945318730215,20.577671,1,945,3.8257499,19.770018,19.6482,0.15456308,0.1623,295.3320751,51.816572,0.8442857,t17_f5_c3,0.99993694,19.4535,0.1734,799120102.0,False,False,False,bulk_1.0.0,0.0,950313920215015001
1,ztf,58700.28696760023,946286960215015009,2,946286960215,20.616047,1,946,9.783467,19.441628,19.2657,0.09573977,0.1155,295.3321185,51.8165994,0.8314286,t17_f5_c3,0.999926,19.1063,0.1272,799120202.0,False,False,False,bulk_1.0.0,0.0,950313920215015001
2,ztf,58700.31528940005,946315280215015007,1,946315280215,20.847277,1,946,4.030221,19.427223,19.4474,0.09571858,0.1135,295.3321748,51.8166213,0.9242857,t17_f5_c3,0.99999094,19.3702,0.1344,799120102.0,False,False,False,bulk_1.0.0,0.0,950313920215015001
3,ztf,58701.29078700021,947290780215015007,2,947290780215,20.441433,1,947,9.751952,19.082912,19.1193,0.104650036,0.1162,295.332138,51.8165876,0.87,t17_f5_c3,0.99993455,19.146,0.1516,799120202.0,False,False,False,bulk_1.0.0,0.0,950313920215015001
4,ztf,58701.31885420019,947318850215015005,1,947318850215,20.739876,1,947,4.000952,18.924215,18.8815,0.095821515,0.0738,295.3321655,51.8166096,0.94857144,t17_f5_c3,0.99999654,18.8793,0.093,799120102.0,False,False,False,bulk_1.0.0,0.0,950313920215015001
5,ztf,58702.29017359996,948290170215015004,2,948290170215,20.480757,1,948,9.811902,18.64646,18.5646,0.066478945,0.0688,295.3321134,51.8165878,0.93142855,t17_f5_c3,0.9999067,18.526,0.084,799120202.0,False,False,False,bulk_1.0.0,0.0,950313920215015001
6,ztf,58702.31802080013,948318020215015006,1,948318020215,20.705269,1,948,3.8828633,18.59692,18.5495,0.085728675,0.0591,295.3321141,51.8166123,0.93142855,t17_f5_c3,0.99995196,18.5,0.071,799120102.0,False,False,False,bulk_1.0.0,0.0,950313920215015001
7,ztf,58703.2920022998,949292000215015008,2,949292000215,20.442423,1,949,9.787099,18.315802,18.3249,0.059950393,0.0584,295.3321194,51.8165977,0.94,t17_f5_c3,0.9999968,18.3141,0.073,799120202.0,False,False,False,bulk_1.0.0,0.0,950313920215015001
8,ztf,58703.318437499925,949318430215015004,1,949318430215,20.861576,1,949,3.9300714,18.317068,18.2451,0.05942657,0.04,295.332131,51.8166145,0.94142854,t17_f5_c3,0.999986,18.2267,0.0489,799120102.0,False,False,False,bulk_1.0.0,0.0,950313920215015001
9,ztf,58704.286631899886,950286630215015008,2,950286630215,20.245005,1,950,9.76178,18.061459,18.0726,0.06016143,0.0539,295.3321278,51.8166011,0.94,t17_f5_c3,0.9999379,18.1303,0.0718,799120202.0,False,False,False,bulk_1.0.0,0.0,950313920215015001
10,ztf,58704.31392360013,950313920215015001,1,950313920215,20.264978,1,950,3.9176984,18.01819,18.0201,0.054601867,0.0487,295.3321242,51.8165943,0.94857144,t17_f5_c3,0.9999999,17.995,0.0601,799120102.0,False,False,False,bulk_1.0.0,0.0,970313950215015003
11,ztf,58705.204444400035,951204440215015006,2,951204440215,20.19118,1,951,9.795796,17.870975,17.8321,0.051154543,0.0473,295.332116,51.8165987,0.93142855,t17_f5_c3,0.99991375,17.7791,0.0571,799120202.0,False,False,False,bulk_1.0.0,0.0,970313950215015003
12,ztf,58705.233148099855,951233140215015005,1,951233140215,20.221981,1,951,3.8971748,17.838678,17.8874,0.07058974,0.0499,295.3321156,51.8166222,0.9442857,t17_f5_c3,0.99988544,17.8765,0.0625,799120102.0,False,False,False,bulk_1.0.0,0.0,970313950215015003
13,ztf,58706.20697919978,952206970215015008,2,952206970215,20.160656,1,952,9.816331,17.711287,17.7237,0.057667688,0.0444,295.3321051,51.8165958,0.88714284,t17_f5_c3,0.99991524,17.6692,0.0533,799120202.0,False,False,False,bulk_1.0.0,0.0,970313950215015003
14,ztf,58706.23592589982,952235920215015007,1,952235920215,20.179457,1,952,3.9424162,17.659954,17.67,0.05365033,0.0435,295.3321343,51.8166122,0.94,t17_f5_c3,0.9979106,17.6175,0.0525,799120102.0,False,False,False,bulk_1.0.0,0.0,970313950215015003
15,ztf,58707.203923599795,953203920215015009,2,953203920215,20.084944,1,953,9.794876,17.521982,17.5613,0.06778373,0.0409,295.3321126,51.8165998,0.86714286,t17_f5_c3,0.9999394,17.601,0.0535,799120202.0,False,False,False,bulk_1.0.0,0.0,970313950215015003
16,ztf,58707.23282410018,953232820215015006,1,953232820215,19.667482,1,953,3.8640594,17.496487,17.5394,0.045076825,0.0498,295.3320987,51.8165942,0.94857144,t17_f5_c3,1.0,17.5466,0.0637,799120102.0,False,False,False,bulk_1.0.0,0.0,970313950215015003
17,ztf,58708.205300900154,954205300215015009,2,954205300215,19.978035,1,954,9.789153,17.3984,17.3642,0.043840718,0.0376,295.3321171,51.8165955,0.93,t17_f5_c3,0.999979,17.3057,0.0451,799120202.0,False,False,False,bulk_1.0.0,0.0,970313950215015003
18,ztf,58708.23400459997,954234000215015007,1,954234000215,19.653664,1,954,3.864367,17.387308,17.3689,0.044377424,0.0467,295.332099,51.8165972,0.9457143,t17_f5_c3,0.9999999,17.34,0.0578,799120102.0,False,False,False,bulk_1.0.0,0.0,970313950215015003
19,ztf,58709.20489579998,955204890215015011,2,955204890215,19.892931,1,955,9.79192,17.292652,17.2581,0.041551504,0.0365,295.332116,51.8166001,0.9285714,t17_f5_c3,0.9999994,17.1951,0.0436,799120202.0,False,False,False,bulk_1.0.0,0.0,970313950215015003
20,ztf,58709.23358799983,955233580215015004,1,955233580215,19.542463,1,955,3.8858433,17.25964,17.3163,0.053004224,0.0475,295.3321109,51.8166068,0.93714285,t17_f5_c3,0.9999988,17.3032,0.0598,799120102.0,False,False,False,bulk_1.0.0,0.0,970313950215015003
21,ztf,58710.18142359983,956181420215015011,2,956181420215,19.898018,1,956,9.761383,17.225872,17.2201,0.04172541,0.0361,295.3321277,51.8166001,0.93142855,t17_f5_c3,0.9999976,17.1357,0.0423,799120202.0,False,False,False,bulk_1.0.0,0.0,970313950215015003
22,ztf,58710.20690969983,956206900215015010,1,956206900215,19.32482,1,956,3.8396134,17.20967,17.3462,0.056166366,0.0533,295.3320869,51.8166155,0.93142855,t17_f5_c3,0.99998605,17.3405,0.0676,799120102.0,False,False,False,bulk_1.0.0,0.0,970313950215015003
23,ztf,58711.181215300225,957181210215015015,2,957181210215,20.004192,1,957,9.817905,17.17716,17.1615,0.04481155,0.0313,295.332103,51.8166018,0.9285714,t17_f5_c3,0.9999976,17.1623,0.0394,799120202.0,False,False,False,bulk_1.0.0,0.0,970313950215015003
24,ztf,58711.20628469996,957206280215015006,1,957206280215,19.75679,1,957,3.9147804,17.14823,17.1587,0.05534336,0.0386,295.3321215,51.8166011,0.93142855,t17_f5_c3,0.999606,17.1312,0.0478,799120102.0,False,False,False,bulk_1.0.0,0.0,970313950215015003
25,ztf,58713.21506940015,959215060215015004,1,959215060215,18.558626,1,959,3.8546274,17.049688,17.0649,0.056819987,0.0957,295.332098,51.8166128,0.93285716,t17_f5_c3,0.9999702,16.995,0.115,799120102.0,False,False,False,bulk_1.0.0,0.0,970313950215015003
26,ztf,58714.18137730006,960181370215015010,2,960181370215,20.208857,1,960,9.800676,17.119438,17.1106,0.052540492,0.0239,295.3321079,51.8166049,0.92142856,t17_f5_c3,0.9999336,17.0951,0.0293,799120202.0,False,False,False,bulk_1.0.0,0.0,970313950215015003
27,ztf,58714.20686340006,960206860215015016,1,960206860215,20.017355,1,960,3.8776155,17.015783,17.0138,0.05262648,0.0227,295.3321043,51.8165953,0.9357143,t17_f5_c3,1.0,16.9724,0.0273,799120102.0,False,False,False,bulk_1.0.0,0.0,970313950215015003
28,ztf,58715.26556710014,961265560215015011,2,961265560215,20.301338,1,961,9.781999,17.08483,17.0356,0.04165402,0.0217,295.3321192,51.816597,0.92142856,t17_f5_c3,0.9995079,17.0279,0.0266,799120202.0,False,False,False,bulk_1.0.0,0.0,970313950215015003
29,ztf,58715.292106499895,961292100215015004,1,961292100215,20.165245,1,961,3.9306393,17.049456,17.0696,0.04912371,0.0245,295.332129,51.8166093,0.93142855,t17_f5_c3,1.0,17.0597,0.0303,799120102.0,False,False,False,bulk_1.0.0,0.0,970313950215015003
30,ztf,58716.28667820012,962286670215015012,2,962286670215,20.317896,1,962,9.780557,17.107807,17.1078,0.043708332,0.0228,295.3321142,51.8166102,0.9185714,t17_f5_c3,0.9999967,17.1034,0.0281,799120202.0,False,False,False,bulk_1.0.0,0.0,970313950215015003
31,ztf,58716.31252310006,962312520215015005,1,962312520215,20.230705,1,962,3.9258466,17.035948,17.0081,0.045390487,0.0222,295.3321279,51.8165955,0.93285716,t17_f5_c3,0.9999943,17.0067,0.0275,799120102.0,False,False,False,bulk_1.0.0,0.0,970313950215015003
32,ztf,58717.26548610022,963265480215015010,2,963265480215,20.410297,1,963,9.792094,17.079842,17.0778,0.042800717,0.0206,295.3321163,51.8165974,0.9185714,t17_f5_c3,0.9999954,17.0729,0.0251,799120202.0,False,False,False,bulk_1.0.0,0.0,970313950215015003
33,ztf,58717.29245370021,963292450215015010,1,963292450215,20.168898,1,963,3.9156997,17.057665,17.0939,0.055889796,0.0229,295.3321242,51.816604,0.94142854,t17_f5_c3,0.999996,17.0939,0.0284,799120102.0,False,False,False,bulk_1.0.0,0.0,970313950215015003
34,ztf,58718.287187499925,964287180215015008,2,964287180215,20.452303,1,964,9.775335,17.126842,17.1211,0.03538286,0.0205,295.3321227,51.8165961,0.9257143,t17_f5_c3,0.99999845,17.1015,0.0247,799120202.0,False,False,False,bulk_1.0.0,0.0,970313950215015003
35,ztf,58718.31284719985,964312840215015002,1,964312840215,20.355959,1,964,3.9314108,17.11379,17.1235,0.04487782,0.0212,295.3321272,51.8166006,0.93857145,t17_f5_c3,1.0,17.1167,0.0259,799120102.0,False,False,False,bulk_1.0.0,0.0,970313950215015003
36,ztf,58719.266145799775,965266140215015005,2,965266140215,20.053751,1,965,9.752158,17.139515,17.1537,0.04438054,0.0262,295.3321332,51.816594,0.92,t17_f5_c3,0.99999046,17.1365,0.0322,799120202.0,False,False,False,bulk_1.0.0,0.0,970313950215015003
37,ztf,58719.293032399844,965293030215015002,1,965293030215,20.219704,1,965,3.899118,17.1679,17.1456,0.047645673,0.0215,295.3321054,51.8165904,0.9357143,t17_f5_c3,0.9999999,17.1288,0.0261,799120102.0,False,False,False,bulk_1.0.0,0.0,970313950215015003
38,ztf,58720.28693290008,966286930215015009,2,966286930215,20.41182,1,966,9.779105,17.166086,17.1485,0.04366498,0.0219,295.332121,51.8165963,0.9242857,t17_f5_c3,0.99999404,17.1293,0.0265,799120202.0,False,False,False,bulk_1.0.0,0.0,970313950215015003
39,ztf,58720.31187500013,966311870215015009,1,966311870215,20.366465,1,966,3.9142613,17.19704,17.2193,0.04863368,0.0226,295.3321238,51.8165999,0.94,t17_f5_c3,0.9999988,17.2017,0.0274,799120102.0,False,False,False,bulk_1.0.0,0.0,970313950215015003
40,ztf,58722.26597219985,968265970215015015,2,968265970215,20.516325,1,968,9.78946,17.276615,17.2531,0.05182508,0.0222,295.3321188,51.8166011,0.92285717,t17_f5_c3,0.9991159,17.228,0.0266,799120202.0,False,False,False,bulk_1.0.0,0.0,970313950215015003
41,ztf,58722.29194439994,968291940215015004,1,968291940215,20.571426,1,968,3.8878257,17.350388,17.3183,0.03730017,0.0218,295.332111,51.8166077,0.93714285,t17_f5_c3,1.0,17.2974,0.0262,799120102.0,False,False,False,bulk_1.0.0,0.0,970313950215015003
42,ztf,58723.29047450004,969290470215015011,2,969290470215,20.545202,1,969,9.790494,17.37405,17.3352,0.04366107,0.0231,295.3321126,51.816601,0.92142856,t17_f5_c3,0.9996865,17.3075,0.0276,799120202.0,False,False,False,bulk_1.0.0,0.0,970313950215015003
43,ztf,58723.31393520022,969313930215015004,1,969313930215,20.589281,1,969,3.9148593,17.418222,17.4295,0.054481484,0.0235,295.3321233,51.8166127,0.93857145,t17_f5_c3,0.99999857,17.4135,0.0284,799120102.0,False,False,False,bulk_1.0.0,0.0,970313950215015003
44,ztf,58724.2905323999,970290530215015010,2,970290530215,20.444637,1,970,9.752334,17.447367,17.4584,0.045563348,0.0273,295.332132,51.8166069,0.9342857,t17_f5_c3,0.9999998,17.4756,0.0343,799120202.0,False,False,False,bulk_1.0.0,0.0,970313950215015003
45,ztf,58724.31395829981,970313950215015003,1,970313950215,20.529646,1,970,3.917276,17.514328,17.4978,0.046045743,0.0262,295.3321172,51.8165953,0.94142854,t17_f5_c3,1.0,17.4728,0.0316,799120102.0,False,False,False,bulk_1.0.0,0.0,983288060215015004
46,ztf,58725.2644675998,971264460215015016,2,971264460215,20.55791,1,971,9.777842,17.532087,17.5046,0.044766337,0.0265,295.3321181,51.8166105,0.9357143,t17_f5_c3,0.999457,17.4658,0.0317,799120202.0,False,False,False,bulk_1.0.0,0.0,983288060215015004
47,ztf,58725.29026619997,971290260215015011,1,971290260215,20.7856,1,971,3.9104285,17.60122,17.6074,0.048520815,0.0248,295.3321229,51.8166052,0.93714285,t17_f5_c3,0.9999953,17.5904,0.0299,799120102.0,False,False,False,bulk_1.0.0,0.0,983288060215015004
48,ztf,58726.26591440011,972265910215015010,2,972265910215,20.333633,1,972,9.764927,17.6065,17.6048,0.057589207,0.0332,295.3321256,51.8165984,0.93714285,t17_f5_c3,0.999998,17.6021,0.0414,799120202.0,False,False,False,bulk_1.0.0,0.0,983288060215015004
49,ztf,58726.291550899856,972291550215015008,1,972291550215,20.5611,1,972,3.91434,17.690529,17.6647,0.05357615,0.0294,295.3321236,51.8166178,0.94142854,t17_f5_c3,0.9999999,17.6126,0.0349,799120102.0,False,False,False,bulk_1.0.0,0.0,983288060215015004
50,ztf,58727.2901504999,973290150215015012,2,973290150215,20.480522,1,973,9.796698,17.639774,17.6467,0.05166162,0.0315,295.3321125,51.8165951,0.9357143,t17_f5_c3,0.9999738,17.6273,0.0384,799120202.0,False,False,False,bulk_1.0.0,0.0,983288060215015004
51,ztf,58727.313518499956,973313510215015008,1,973313510215,20.596165,1,973,3.9264407,17.792007,17.7701,0.060052726,0.0321,295.3321259,51.8166052,0.93857145,t17_f5_c3,0.99998415,17.7405,0.0388,799120102.0,False,False,False,bulk_1.0.0,0.0,983288060215015004
52,ztf,58730.26616899995,976266160215015016,2,976266160215,20.22803,1,976,9.839447,17.779583,17.7969,0.06676825,0.0422,295.3320934,51.8165967,0.9357143,t17_f5_c3,0.9999746,17.8321,0.0547,799120202.0,False,False,False,bulk_1.0.0,0.0,983288060215015004
53,ztf,58730.29026619997,976290260215015004,1,976290260215,20.429955,1,976,3.9316735,18.067055,18.036,0.05634922,0.0451,295.3321324,51.8165976,0.9457143,t17_f5_c3,1.0,17.9935,0.0546,799120102.0,False,False,False,bulk_1.0.0,0.0,983288060215015004
54,ztf,58732.26481480012,978264810215015013,2,978264810215,20.373507,1,978,9.773492,17.799652,17.7992,0.05214663,0.0392,295.3321264,51.8165986,0.9342857,t17_f5_c3,0.99985385,17.7699,0.048,799120202.0,False,False,False,bulk_1.0.0,0.0,983288060215015004
55,ztf,58732.288541700225,978288540215015007,1,978288540215,20.682518,1,978,3.893926,18.33257,18.363,0.08504172,0.0502,295.3321112,51.8166098,0.94142854,t17_f5_c3,0.9991586,18.3271,0.061,799120102.0,False,False,False,bulk_1.0.0,0.0,983288060215015004
56,ztf,58733.26440969994,979264400215015005,2,979264400215,20.257265,1,979,9.761992,17.816454,17.7987,0.054382857,0.043,295.3321253,51.8166032,0.93,t17_f5_c3,0.99997973,17.7454,0.0516,799120202.0,False,False,False,bulk_1.0.0,0.0,983288060215015004
57,ztf,58733.28785880003,979287850215015001,1,979287850215,20.184517,1,979,3.895656,18.430164,18.383,0.07758798,0.0729,295.332117,51.8166017,0.95285714,t17_f5_c3,0.99999917,18.3243,0.0879,799120102.0,False,False,False,bulk_1.0.0,0.0,983288060215015004
58,ztf,58734.26569439983,980265690215015003,2,980265690215,20.125946,1,980,9.835634,17.833313,17.8863,0.0684041,0.051,295.3320967,51.8165943,0.94,t17_f5_c3,0.9999355,17.8439,0.0621,799120202.0,False,False,False,bulk_1.0.0,0.0,983288060215015004
59,ztf,58734.28910879977,980289100215015003,1,980289100215,19.932108,1,980,3.9022942,18.517351,18.4929,0.08383547,0.0974,295.3321142,51.8166075,0.95428574,t17_f5_c3,0.9999993,18.4668,0.1214,799120102.0,False,False,False,bulk_1.0.0,0.0,983288060215015004
60,ztf,58735.26428239979,981264280215015009,2,981264280215,20.014587,1,981,9.768766,17.883574,17.8711,0.060275614,0.0554,295.3321152,51.8166183,0.9357143,t17_f5_c3,0.99994314,17.828,0.0675,799120202.0,False,False,False,bulk_1.0.0,0.0,983288060215015004
61,ztf,58735.287685200106,981287680215015004,1,981287680215,19.965508,1,981,3.874016,18.672005,18.6301,0.10447869,0.1172,295.3321023,51.8165808,0.95,t17_f5_c3,0.999987,18.4662,0.1291,799120102.0,False,False,False,bulk_1.0.0,0.0,983288060215015004
62,ztf,58736.27396989986,982273960215015005,2,982273960215,19.937723,1,982,9.757945,17.897465,17.8703,0.064809665,0.0599,295.3321225,51.8166128,0.93285716,t17_f5_c3,0.99995804,17.8271,0.0732,799120202.0,False,False,False,bulk_1.0.0,0.0,983288060215015004
63,ztf,58736.296747699846,982296740215015003,1,982296740215,19.639236,1,982,3.8518343,18.683453,18.5115,0.117563225,0.1288,295.3320882,51.8165761,0.9442857,t17_f5_c3,0.9999603,18.3859,0.147,799120102.0,False,False,False,bulk_1.0.0,0.0,983288060215015004
64,ztf,58737.288067100104,983288060215015004,2,983288060215,19.721828,1,983,9.792162,17.924767,17.9349,0.068426386,0.0746,295.3321105,51.8166073,0.9342857,t17_f5_c3,0.999999,17.8803,0.0906,799120202.0,False,False,False,bulk_1.0.0,0.0,985189690215015003
65,ztf,58737.30964120012,983309640215015003,1,983309640215,19.3432,1,983,3.62262,18.8452,18.4094,0.143234,0.1412,295.331978,51.8165457,0.408571,t17_f5_c3,,18.1319,0.1403,,False,False,False,bulk_1.0.0,0.0,985189690215015003
66,ztf,58738.15743059991,984157430215015007,2,984157430215,19.72375,1,984,9.861433,17.943455,17.9647,0.0644739,0.0755,295.3320898,51.8165824,0.94,t17_f5_c3,0.9999943,17.9876,0.0984,799120202.0,False,False,False,bulk_1.0.0,0.0,985189690215015003
67,ztf,58738.19065969996,984190650215015005,1,984190650215,19.42327,1,984,3.9293272,18.866707,18.7695,0.14408036,0.1823,295.3321298,51.8166138,0.86,t17_f5_c3,0.9998227,18.5688,0.1945,799120102.0,False,False,False,bulk_1.0.0,0.0,985189690215015003
68,ztf,58739.15619210014,985156190215015006,2,985156190215,19.70591,1,985,9.821214,17.913826,17.8971,0.058176108,0.0747,295.332105,51.8165884,0.94142854,t17_f5_c3,0.99999535,17.8323,0.0899,799120202.0,False,False,False,bulk_1.0.0,0.0,985189690215015003
69,ztf,58739.189699099865,985189690215015003,1,985189690215,19.453028,1,985,3.8788464,19.026058,18.8589,0.13709913,0.2129,295.3321105,51.8166224,0.93142855,t17_f5_c3,0.9997868,18.7694,0.2516,799120102.0,False,False,False,bulk_1.0.0,0.0,993156510215015018
70,ztf,58740.15634260001,986156340215015003,2,986156340215,19.491333,1,986,9.818954,18.000746,17.9872,0.06722856,0.0938,295.3321059,51.8165912,0.9085714,t17_f5_c3,0.9999998,18.0036,0.1217,799120202.0,False,False,False,bulk_1.0.0,0.0,993156510215015018
71,ztf,58740.18946760008,986189460215015004,1,986189460215,19.258108,1,986,3.9342713,18.98237,18.7473,0.17034854,0.2242,295.3321165,51.816522,0.7771429,t17_f5_c3,0.9967949,18.8083,0.3042,799120102.0,False,False,False,bulk_1.0.0,0.0,993156510215015018
72,ztf,58741.15751159983,987157510215015008,2,987157510215,19.895145,1,987,9.778553,18.036467,18.163,0.06239746,0.0835,295.3321257,51.8166005,0.93142855,t17_f5_c3,0.9999788,18.0966,0.1002,799120202.0,False,False,False,bulk_1.0.0,0.0,993156510215015018
73,ztf,58741.1863425998,987186340215015000,1,987186340215,19.712124,1,987,4.0159297,19.052256,19.3768,0.14096664,0.3061,295.3321724,51.8166251,0.87857145,t17_f5_c3,0.9999819,19.3587,0.3864,799120102.0,False,False,False,bulk_1.0.0,0.0,993156510215015018
74,ztf,58743.15795140015,989157950215015006,2,989157950215,20.211763,1,989,9.799696,18.095182,18.0695,0.055682175,0.057,295.3321132,51.8165957,0.9442857,t17_f5_c3,0.9999741,18.047,0.0707,799120202.0,False,False,False,bulk_1.0.0,0.0,993156510215015018
75,ztf,58743.18690969981,989186900215015003,1,989186900215,19.944542,1,989,3.797432,19.44649,19.4852,0.16093384,0.255,295.3320715,51.816625,0.85571426,t17_f5_c3,0.9996466,19.3972,0.3019,799120102.0,False,False,False,bulk_1.0.0,0.0,993156510215015018
76,ztf,58744.15686339978,990156860215015004,2,990156860215,20.360968,1,990,9.799043,18.204819,18.1966,0.06184483,0.0552,295.3321107,51.8166002,0.9442857,t17_f5_c3,0.99998933,18.2419,0.0726,799120202.0,False,False,False,bulk_1.0.0,0.0,993156510215015018
77,ztf,58744.185914400034,990185910215015005,1,990185910215,20.295841,1,990,3.9861693,19.49786,19.3996,0.12980323,0.1754,295.3321563,51.8166046,0.94714284,t17_f5_c3,0.9996087,19.2443,0.1949,799120102.0,False,False,False,bulk_1.0.0,0.0,993156510215015018
78,ztf,58745.15689809993,991156890215015028,2,991156890215,20.47435,1,991,9.756807,18.268913,18.1926,0.061028592,0.0509,295.3321268,51.8165999,0.95428574,t17_f5_c3,0.9926299,18.1838,0.0637,799120202.0,False,False,False,bulk_1.0.0,0.0,993156510215015018
79,ztf,58745.1860301001,991186030215015012,1,991186030215,20.638462,1,991,3.8135614,19.41461,19.3598,0.11560136,0.125,295.3320734,51.8165831,0.92714286,t17_f5_c3,0.99999845,19.4017,0.1654,799120102.0,False,False,False,bulk_1.0.0,0.0,993156510215015018
80,ztf,58746.18196759978,992181960215015003,2,992181960215,19.888683,1,992,9.797199,18.341106,18.3427,0.100095555,0.0731,295.3321255,51.816571,0.76428574,t17_f5_c3,0.9999962,18.2227,0.0833,799120202.0,False,False,False,bulk_1.0.0,0.0,993156510215015018
81,ztf,58746.21050930023,992210500215015004,1,992210500215,20.458242,1,992,3.9434404,19.47517,19.3959,0.1289098,0.1362,295.3321317,51.8165897,0.92285717,t17_f5_c3,0.9999998,19.366,0.1692,799120102.0,False,False,False,bulk_1.0.0,0.0,993156510215015018
82,ztf,58747.15651619993,993156510215015018,2,993156510215,20.411638,1,993,9.824191,18.421106,18.3974,0.068867706,0.0642,295.3321047,51.8166043,0.94714284,t17_f5_c3,0.99999964,18.299,0.0743,799120202.0,False,False,False,bulk_1.0.0,0.0,1022118750215015003
83,ztf,58747.185914400034,993185910215015009,1,993185910215,20.501984,1,993,3.865416,19.442713,19.3324,0.11113984,0.1328,295.3320966,51.8165735,0.94285715,t17_f5_c3,0.999414,19.3247,0.1682,799120102.0,False,False,False,bulk_1.0.0,0.0,1022118750215015003
84,ztf,58748.156655100174,994156650215015002,2,994156650215,19.31253,1,994,9.837649,18.523567,18.3655,0.116769776,0.1585,295.3321243,51.8165436,0.8814286,t17_f5_c3,0.98829496,18.2529,0.1832,799120202.0,False,False,False,bulk_1.0.0,0.0,1022118750215015003
85,ztf,58748.185023100115,994185020215015009,1,994185020215,20.027393,1,994,4.0148053,19.64942,19.6404,0.1516591,0.2335,295.3321743,51.8166384,0.8057143,t17_f5_c3,0.99982864,19.8448,0.3609,799120102.0,False,False,False,bulk_1.0.0,0.0,1022118750215015003
86,ztf,58749.15813660016,995158130215015008,2,995158130215,20.293161,1,995,9.860064,18.607544,18.6242,0.08451636,0.0832,295.3320881,51.8165883,0.92142856,t17_f5_c3,0.99999976,18.6528,0.1085,799120202.0,False,False,False,bulk_1.0.0,0.0,1022118750215015003
87,ztf,58749.186550899874,995186550215015007,1,995186550215,20.54031,1,995,3.904245,19.701828,19.3624,0.14064918,0.1326,295.3321148,51.8165745,0.6757143,t17_f5_c3,0.9998926,19.2846,0.1577,799120102.0,False,False,False,bulk_1.0.0,0.0,1022118750215015003
88,ztf,58750.158391200006,996158390215015010,2,996158390215,20.113447,1,996,9.829789,18.665499,18.7108,0.07353716,0.1007,295.3321016,51.8166046,0.94142854,t17_f5_c3,0.9999999,18.7174,0.1292,799120202.0,False,False,False,bulk_1.0.0,0.0,1022118750215015003
89,ztf,58750.18685190007,996186850215015005,1,996186850215,20.0656,1,996,4.16302,19.7331,19.333,0.260194,0.1611,295.3322167,51.8165239,0.508571,t17_f5_c3,,19.1063,0.1676,,False,False,False,bulk_1.0.0,0.0,1022118750215015003
90,ztf,58751.15604169993,997156040215015011,2,997156040215,20.109842,1,997,9.7402115,18.712332,18.5813,0.11292926,0.0896,295.3321501,51.8165683,0.81,t17_f5_c3,0.9999467,18.6324,0.1196,799120202.0,False,False,False,bulk_1.0.0,0.0,1022118750215015003
91,ztf,58751.184479199816,997184470215015005,1,997184470215,20.389267,1,997,3.8678079,19.860418,19.7696,0.16353856,0.2136,295.3321039,51.8166113,0.88285714,t17_f5_c3,0.9998381,19.7203,0.2614,799120102.0,False,False,False,bulk_1.0.0,0.0,1022118750215015003
92,ztf,58754.15564810019,1000155640215015013,2,1000155640215,20.547697,1,1000,9.775801,18.89509,18.6907,0.08885096,0.0721,295.3321165,51.8166124,0.87285715,t17_f5_c3,0.99932957,18.5362,0.0794,799120202.0,False,False,False,bulk_1.0.0,0.0,1022118750215015003
93,ztf,58754.184155100025,1000184150215015003,1,1000184150215,20.618755,1,1000,3.9814541,19.87851,19.9135,0.14971867,0.1925,295.3321511,51.8165894,0.88714284,t17_f5_c3,0.9999969,19.9672,0.2585,799120102.0,False,False,False,bulk_1.0.0,0.0,1022118750215015003
94,ztf,58758.16459489986,1004164590215015003,2,1004164590215,20.20037,1,1004,9.746651,18.999731,18.9237,0.107874796,0.1152,295.332144,51.8165953,0.91714287,t17_f5_c3,0.99999464,18.8037,0.1317,799120202.0,False,False,False,bulk_1.0.0,0.0,1022118750215015003
95,ztf,58758.200914400164,1004200910215015001,1,1004200910215,20.441385,1,1004,3.8515627,19.862057,19.5115,0.18696201,0.151,295.3320778,51.8165349,0.5985714,t17_f5_c3,0.99958444,19.497,0.1904,799120102.0,False,False,False,bulk_1.0.0,0.0,1022118750215015003
96,ztf,58759.199837999884,1005199830215015002,2,1005199830215,19.697517,1,1005,10.20943,19.269583,19.2317,0.1474,0.1457,295.3319494,51.8165362,0.2957143,t17_f5_c3,0.9506441,19.1997,0.1812,799120202.0,False,False,False,bulk_1.0.0,0.0,1022118750215015003
97,ztf,58760.15706019988,1006157060215015005,2,1006157060215,20.378914,1,1006,9.748457,19.105907,19.0416,0.11351879,0.1175,295.3321434,51.8165691,0.9342857,t17_f5_c3,0.9999925,18.8656,0.1278,799120202.0,False,False,False,bulk_1.0.0,0.0,1022118750215015003
98,ztf,58760.185300900135,1006185300215015002,1,1006185300215,20.39805,1,1006,3.6868258,19.861391,19.6179,0.16759662,0.19,295.3320225,51.8166159,0.75714284,t17_f5_c3,0.9916511,19.3494,0.1902,799120102.0,False,False,False,bulk_1.0.0,0.0,1022118750215015003
99,ztf,58761.15603009984,1007156030215015009,2,1007156030215,20.222387,1,1007,9.78049,19.083357,18.9887,0.12602586,0.1265,295.3321353,51.8165571,0.92714286,t17_f5_c3,0.9998388,18.9544,0.1565,799120202.0,False,False,False,bulk_1.0.0,0.0,1022118750215015003
100,ztf,58761.18431709986,1007184310215015002,1,1007184310215,20.0708,1,1007,4.02781,19.9241,19.7878,0.234482,0.2796,295.3321735,51.8165997,0.832857,t17_f5_c3,,19.5107,0.2782,,False,False,False,bulk_1.0.0,0.0,1022118750215015003
101,ztf,58762.15576389991,1008155760215015005,2,1008155760215,20.16344,1,1008,9.657353,19.154058,19.0464,0.11658399,0.1385,295.3321756,51.816603,0.91571426,t17_f5_c3,0.999997,18.8829,0.1525,799120202.0,False,False,False,bulk_1.0.0,0.0,1022118750215015003
102,ztf,58762.18349540001,1008183490215015002,1,1008183490215,20.096756,1,1008,4.0348377,19.97197,19.8707,0.17588809,0.3013,295.3321801,51.8166013,0.8842857,t17_f5_c3,0.9998167,19.7631,0.35,799120102.0,False,False,False,bulk_1.0.0,0.0,1022118750215015003
103,ztf,58763.1570255002,1009157020215015006,2,1009157020215,20.087624,1,1009,9.804274,19.188799,19.166,0.108444266,0.1671,295.3321072,51.8166075,0.9342857,t17_f5_c3,0.9999439,19.2065,0.222,799120202.0,False,False,False,bulk_1.0.0,0.0,1022118750215015003
104,ztf,58763.18483800022,1009184830215015003,1,1009184830215,20.0811,1,1009,3.66285,20.1542,19.6892,0.198593,0.2722,295.3320144,51.8167203,0.472857,t17_f5_c3,,19.4945,0.292,,False,False,False,bulk_1.0.0,0.0,1022118750215015003
105,ztf,58764.1239120001,1010123910215015008,2,1010123910215,20.209917,1,1010,9.7592125,19.153105,19.1341,0.11168594,0.1514,295.3321311,51.8165913,0.91714287,t17_f5_c3,0.99942076,18.9874,0.1692,799120202.0,False,False,False,bulk_1.0.0,0.0,1022118750215015003
106,ztf,58767.12262730021,1013122620215015007,2,1013122620215,19.2007,1,1013,9.69288,19.1504,18.7225,0.174402,0.1807,295.3322171,51.8164687,0.192857,t17_f5_c3,,18.5899,0.2054,,False,False,False,bulk_1.0.0,0.0,1022118750215015003
107,ztf,58776.11874999991,1022118750215015003,1,1022118750215,20.465076,1,1022,4.0461946,20.229963,20.2804,0.18867426,0.3222,295.3321775,51.8165753,0.86142856,t17_f5_c3,0.99890757,19.9528,0.3061,799120102.0,False,False,False,bulk_1.0.0,0.0,1025095280215015004
108,ztf,58779.09528939985,1025095280215015004,2,1025095280215,20.163393,1,1025,9.767882,19.744843,19.6559,0.18742254,0.2427,295.3321275,51.8165983,0.42571428,t17_f5_c3,0.99962413,19.5008,0.2698,799120202.0,False,False,False,bulk_1.0.0,0.0,1029091330215015006
109,ztf,58779.1169906999,1025116990215015003,1,1025116990215,20.3796,1,1025,4.03961,20.4595,20.2859,0.228452,0.3489,295.3321763,51.8165929,0.514286,t17_f5_c3,,19.8836,0.3092,,False,False,False,bulk_1.0.0,0.0,1029091330215015006
110,ztf,58783.091330999974,1029091330215015006,2,1029091330215,20.321152,1,1029,9.924395,19.880018,19.4997,0.20256229,0.1895,295.3320518,51.8166009,0.28285715,t17_f5_c3,0.9992887,19.5964,0.2649,799120202.0,False,False,False,bulk_1.0.0,0.0,1036117470215015003
111,ztf,58783.11174769979,1029111740215015001,1,1029111740215,20.4964,1,1029,3.83757,20.4782,20.5707,0.243104,0.4186,295.3320797,51.8165615,0.555714,t17_f5_c3,,20.5153,0.5103,,False,False,False,bulk_1.0.0,0.0,1036117470215015003
112,ztf,58787.11767360009,1033117670215015004,2,1033117670215,19.7838,1,1033,9.65577,19.8169,19.8317,0.263697,0.3263,295.3321776,51.8166087,0.372857,t17_f5_c3,,19.5073,0.3107,,False,False,False,bulk_1.0.0,0.0,1036117470215015003
113,ztf,58790.11747690011,1036117470215015003,2,1036117470215,20.047352,1,1036,10.010781,19.935047,19.5976,0.20368466,0.2562,295.3320225,51.8165756,0.34428573,t17_f5_c3,0.98847103,19.4078,0.2759,799120202.0,True,False,False,bulk_1.0.0,0.0,0
