,tid,mjd,candid,fid,pid,diffmaglim,isdiffpos,nid,distnr,magpsf,magap,sigmapsf,sigmagap,ra,dec,rb,rbversion,drb,magapbig,sigmagapbig,rfid,has_stamp,corrected,dubious,step_id_corr,phase,parent_candid,magpsf_corr,sigmapsf_corr,sigmapsf_corr_ext
0,ztf,58714.184652800206,960184650515015069,2,960184650515,20.535654,1,960,2.004952,18.313467,18.223,0.07792585,0.0596,261.4111065,59.446735,0.8314286,t17_f5_c3,0.9977877,18.1975,0.0722,825120205.0,False,False,False,bulk_1.0.0,0.0,972294280515015012,,,
1,ztf,58714.210138900205,960210130515015020,1,960210130515,20.327974,1,960,1.3064213,17.931717,17.9328,0.04322771,0.0487,261.4110834,59.4467473,0.96,t17_f5_c3,0.99999976,17.936,0.0611,825120105.0,False,True,False,bulk_1.0.0,0.0,972294280515015012,17.516779,0.017823204,0.029497605
2,ztf,58715.26884259982,961268840515015024,2,961268840515,20.242176,1,961,1.9921514,17.585962,17.5868,0.038421817,0.0413,261.4110983,59.4467255,0.95428574,t17_f5_c3,1.0,17.5824,0.0513,825120205.0,False,False,False,bulk_1.0.0,0.0,972294280515015012,,,
3,ztf,58715.29538189992,961295380515015014,1,961295380515,20.106155,1,961,1.3179907,17.378708,17.3201,0.053756434,0.0336,261.4110964,59.44674,0.95,t17_f5_c3,0.99999785,17.2902,0.041,825120105.0,False,True,False,bulk_1.0.0,0.0,972294280515015012,17.110943,0.038768813,0.04200725
4,ztf,58716.2899536998,962289950515015015,2,962289950515,20.076933,1,962,2.0178976,17.493284,17.4487,0.045087054,0.0387,261.4111164,59.4467301,0.95428574,t17_f5_c3,0.9999999,17.4208,0.0471,825120205.0,False,False,False,bulk_1.0.0,0.0,992206740515015009,,,
5,ztf,58716.315243099816,962315240515015008,1,962315240515,20.087341,1,962,1.4141915,17.297443,17.3128,0.048005637,0.0335,261.4111462,59.446745,0.95285714,t17_f5_c3,0.99999976,17.3056,0.0416,825120105.0,False,False,True,bulk_1.0.0,0.0,992206740515015009,,,
6,ztf,58717.2687615999,963268760515015028,2,963268760515,20.29384,1,963,1.9972483,17.307964,17.3051,0.0456562,0.0306,261.411103,59.4467369,0.9457143,t17_f5_c3,1.0,17.3041,0.0377,825120205.0,False,False,False,bulk_1.0.0,0.0,992206740515015009,,,
7,ztf,58717.2957175998,963295710515015008,1,963295710515,20.16768,1,963,1.26564,17.218342,17.2311,0.05080148,0.0281,261.4110685,59.4467385,0.95285714,t17_f5_c3,1.0,17.2544,0.0355,825120105.0,False,True,False,bulk_1.0.0,0.0,992206740515015009,16.98366,0.038315207,0.040926397
8,ztf,58718.29046300007,964290460515015010,2,964290460515,20.26325,1,964,1.9932045,17.22413,17.2074,0.043883197,0.0276,261.4111018,59.446722,0.94857144,t17_f5_c3,0.99999976,17.2122,0.0341,825120205.0,False,False,False,bulk_1.0.0,0.0,992206740515015009,,,
9,ztf,58718.315567099955,964315560515015006,1,964315560515,20.06649,1,964,1.333775,17.204363,17.1684,0.04469696,0.0264,261.4111103,59.446728,0.95285714,t17_f5_c3,0.9999999,17.158,0.0323,825120105.0,False,True,False,bulk_1.0.0,0.0,992206740515015009,16.972383,0.03317264,0.036098275
10,ztf,58719.26942129992,965269420515015008,2,965269420515,19.987867,1,965,1.9502243,17.192251,17.1773,0.059659954,0.0294,261.4110754,59.4467013,0.94857144,t17_f5_c3,0.999997,17.1587,0.0357,825120205.0,False,False,False,bulk_1.0.0,0.0,992206740515015009,,,
11,ztf,58719.29631939996,965296310515015008,1,965296310515,20.198313,1,965,1.2269967,17.199379,17.226,0.043861054,0.0252,261.4110514,59.4467246,0.9514286,t17_f5_c3,1.0,17.2418,0.0313,825120105.0,False,True,False,bulk_1.0.0,0.0,992206740515015009,16.968357,0.032493874,0.03545442
12,ztf,58720.29020830011,966290200515015016,2,966290200515,20.273436,1,966,1.9875221,17.137068,17.1399,0.046408042,0.0274,261.4110959,59.4467335,0.9342857,t17_f5_c3,0.9999913,17.1279,0.0334,825120205.0,False,False,False,bulk_1.0.0,0.0,992206740515015009,,,
13,ztf,58720.31460649986,966314600515015008,1,966314600515,20.315523,1,966,1.3525882,17.176922,17.1685,0.04206484,0.0249,261.4111208,59.4467281,0.9614286,t17_f5_c3,0.99999964,17.1884,0.031,825120105.0,False,True,False,bulk_1.0.0,0.0,992206740515015009,16.950169,0.031157011,0.034136415
14,ztf,58721.26936340006,967269360515015060,2,967269360515,17.61693,1,967,2.0120766,16.971306,16.6921,0.089612484,0.2064,261.4111062,59.4467253,0.6857143,t17_f5_c3,0.94649017,16.5244,0.2269,825120205.0,False,False,False,bulk_1.0.0,0.0,992206740515015009,,,
15,ztf,58721.29548610002,967295480515015146,1,967295480515,18.543089,1,967,1.4644017,17.222982,17.2903,0.082484186,0.1292,261.4111749,59.4467484,0.71428573,t17_f5_c3,0.9999994,17.2107,0.1533,825120105.0,False,False,True,bulk_1.0.0,0.0,992206740515015009,,,
16,ztf,58722.269247699995,968269240515015023,2,968269240515,20.430521,1,968,1.9524179,17.128214,17.1054,0.04033568,0.0244,261.4110783,59.4467372,0.89857143,t17_f5_c3,0.9983979,17.0965,0.0296,825120205.0,False,False,False,bulk_1.0.0,0.0,992206740515015009,,,
17,ztf,58722.294664400164,968294660515015017,1,968294660515,20.493229,1,968,1.3315524,17.182346,17.1596,0.037851572,0.0222,261.4111016,59.4467487,0.9557143,t17_f5_c3,0.9999999,17.1563,0.0268,825120105.0,False,True,False,bulk_1.0.0,0.0,992206740515015009,16.954569,0.027306644,0.030688297
18,ztf,58723.29320599977,969293200515015039,2,969293200515,20.416925,1,969,1.9804455,17.124062,17.1454,0.0423601,0.0255,261.4110938,59.4467363,0.91571426,t17_f5_c3,0.9999999,17.1607,0.0316,825120205.0,False,False,False,bulk_1.0.0,0.0,992206740515015009,,,
19,ztf,58723.31665509986,969316650515015012,1,969316650515,20.410984,1,969,1.3508263,17.19893,17.1718,0.045137223,0.0231,261.4111139,59.4467326,0.94714284,t17_f5_c3,0.9999964,17.1662,0.028,825120105.0,False,True,False,bulk_1.0.0,0.0,992206740515015009,16.967995,0.033621546,0.036488876
20,ztf,58724.293252300005,970293250515015012,2,970293250515,20.344925,1,970,1.9610177,17.120457,17.1237,0.050551213,0.0257,261.4110831,59.4467345,0.93285716,t17_f5_c3,0.99999917,17.1226,0.0314,825120205.0,False,False,False,bulk_1.0.0,0.0,992206740515015009,,,
21,ztf,58724.31667819992,970316670515015010,1,970316670515,20.23855,1,970,1.4056529,17.224028,17.1911,0.044262856,0.0251,261.411143,59.4467334,0.95857143,t17_f5_c3,0.9999999,17.1715,0.0302,825120105.0,False,False,True,bulk_1.0.0,0.0,992206740515015009,,,
22,ztf,58725.26774309995,971267740515015022,2,971267740515,20.436104,1,971,1.9723438,17.165998,17.1584,0.038040686,0.025,261.411086,59.4467403,0.93714285,t17_f5_c3,0.99999005,17.1489,0.0302,825120205.0,False,False,False,bulk_1.0.0,0.0,992206740515015009,,,
23,ztf,58725.292986100074,971292980515015015,1,971292980515,20.518644,1,971,1.3568733,17.238174,17.2191,0.040698316,0.0228,261.4111153,59.4467416,0.93714285,t17_f5_c3,0.9999996,17.2242,0.0278,825120105.0,False,True,False,bulk_1.0.0,0.0,992206740515015009,16.999609,0.029227551,0.032670077
24,ztf,58726.269201400224,972269200515015034,2,972269200515,20.35111,1,972,2.0104127,17.16991,17.1804,0.04119972,0.0269,261.4111024,59.4467357,0.9342857,t17_f5_c3,0.9999997,17.16,0.0325,825120205.0,False,False,False,bulk_1.0.0,0.0,992206740515015009,,,
25,ztf,58726.29428240005,972294280515015012,1,972294280515,20.230215,1,972,1.3208787,17.2596,17.2441,0.041996226,0.0255,261.411109,59.4467028,0.95,t17_f5_c3,1.0,17.2338,0.0311,825120105.0,False,True,False,bulk_1.0.0,0.0,992206740515015009,17.016773,0.030127782,0.033579946
26,ztf,58727.29287040001,973292870515015013,2,973292870515,20.231453,1,973,1.9352447,17.171534,17.2011,0.042653598,0.0295,261.4110689,59.4467279,0.94857144,t17_f5_c3,0.99999964,17.1894,0.036,825120205.0,False,False,False,bulk_1.0.0,0.0,992206740515015009,,,
27,ztf,58727.31569440011,973315690515015020,1,973315690515,20.30791,1,973,1.3389678,17.31094,17.284,0.04898221,0.0277,261.4111075,59.4467422,0.9442857,t17_f5_c3,1.0,17.2674,0.0336,825120105.0,False,True,False,bulk_1.0.0,0.0,992206740515015009,17.057629,0.035602033,0.038789485
28,ztf,58730.26899310015,976268990515015013,2,976268990515,19.941996,1,976,1.9875348,17.205006,17.2171,0.05276507,0.0343,261.4111011,59.4467422,0.95,t17_f5_c3,0.9999995,17.1828,0.0414,825120205.0,False,False,False,bulk_1.0.0,0.0,992206740515015009,,,
29,ztf,58730.292986100074,976292980515015006,1,976292980515,20.153389,1,976,1.309164,17.374945,17.3254,0.045193404,0.0306,261.4110937,59.4467337,0.95857143,t17_f5_c3,0.9999999,17.3576,0.0389,825120105.0,False,True,False,bulk_1.0.0,0.0,992206740515015009,17.108,0.031447075,0.03534251
30,ztf,58732.267546299845,978267540515015006,2,978267540515,20.250925,1,978,2.007106,17.201694,17.1323,0.05031254,0.0281,261.4111077,59.4467416,0.93142855,t17_f5_c3,0.999681,17.1435,0.035,825120205.0,False,False,False,bulk_1.0.0,0.0,992206740515015009,,,
31,ztf,58732.291261599865,978291260515015013,1,978291260515,20.421621,1,978,1.342351,17.403547,17.4038,0.044699322,0.0284,261.411106,59.4467389,0.95,t17_f5_c3,0.9999998,17.4042,0.0349,825120105.0,False,True,False,bulk_1.0.0,0.0,992206740515015009,17.130304,0.030606337,0.034753907
32,ztf,58733.26712960005,979267120515015019,2,979267120515,20.106306,1,979,1.9329805,17.237478,17.2948,0.052132126,0.035,261.4110727,59.4467406,0.94,t17_f5_c3,0.9999969,17.2881,0.0434,825120205.0,False,False,False,bulk_1.0.0,0.0,992206740515015009,,,
33,ztf,58733.290590300225,979290590515015009,1,979290590515,19.933252,1,979,1.3591688,17.447062,17.4158,0.061862327,0.0371,261.4111229,59.4467311,0.94857144,t17_f5_c3,0.9999999,17.3847,0.0451,825120105.0,False,True,False,bulk_1.0.0,0.0,992206740515015009,17.163984,0.04453618,0.04766455
34,ztf,58734.26841440005,980268410515015009,2,980268410515,19.834929,1,980,1.987087,17.20271,17.2045,0.053993095,0.0364,261.4110975,59.4467346,0.94285715,t17_f5_c3,0.9999999,17.2184,0.0462,825120205.0,False,False,False,bulk_1.0.0,0.0,992206740515015009,,,
35,ztf,58734.291828699876,980291820515015001,1,980291820515,19.753744,1,980,1.3693875,17.396706,17.4381,0.06905322,0.0439,261.4111316,59.4467355,0.9514286,t17_f5_c3,0.9999979,17.4215,0.0545,825120105.0,False,True,False,bulk_1.0.0,0.0,992206740515015009,17.12498,0.051207025,0.053764302
36,ztf,58735.267002299894,981267000515015013,2,981267000515,19.734398,1,981,1.99685,17.204836,17.2343,0.050612736,0.0397,261.4111031,59.4467295,0.9457143,t17_f5_c3,0.99999976,17.2254,0.0495,825120205.0,False,False,False,bulk_1.0.0,0.0,992206740515015009,,,
37,ztf,58735.29040510021,981290400515015004,1,981290400515,19.726332,1,981,1.384379,17.439814,17.3107,0.04810092,0.0433,261.4111327,59.4467355,0.9514286,t17_f5_c3,0.9999999,17.2573,0.0521,825120105.0,False,True,False,bulk_1.0.0,0.0,992206740515015009,17.158396,0.033049557,0.037118144
38,ztf,58736.27668979997,982276680515015013,2,982276680515,19.612778,1,982,2.0312011,17.213491,17.2322,0.052570693,0.0434,261.4111159,59.4467412,0.9457143,t17_f5_c3,0.9999997,17.2335,0.0549,825120205.0,False,False,False,bulk_1.0.0,0.0,992206740515015009,,,
39,ztf,58736.29891199991,982298910515015004,1,982298910515,19.378296,1,982,1.4088224,17.477385,17.5976,0.06590204,0.0653,261.4111483,59.446738,0.95428574,t17_f5_c3,0.99999964,17.5377,0.0786,825120105.0,False,False,True,bulk_1.0.0,0.0,992206740515015009,,,
40,ztf,58737.29024309991,983290240515015008,2,983290240515,19.465012,1,983,2.0000925,17.256502,17.2993,0.052739784,0.0513,261.4111034,59.4467267,0.95,t17_f5_c3,0.99999976,17.3384,0.0673,825120205.0,False,False,False,bulk_1.0.0,0.0,992206740515015009,,,
41,ztf,58737.311805599835,983311800515015008,1,983311800515,19.017603,1,983,1.3856549,17.49304,17.4323,0.06408087,0.0685,261.4111356,59.4467389,0.9028571,t17_f5_c3,0.9999958,17.4111,0.0857,825120105.0,False,True,False,bulk_1.0.0,0.0,992206740515015009,17.199238,0.04563225,0.048888568
42,ztf,58738.15366900014,984153660515015021,2,984153660515,19.783234,1,984,2.008695,17.22748,17.2474,0.050586976,0.0405,261.4111073,59.4467399,0.95285714,t17_f5_c3,0.9999995,17.2902,0.053,825120205.0,False,False,False,bulk_1.0.0,0.0,992206740515015009,,,
43,ztf,58738.182118100114,984182110515015004,1,984182110515,19.432312,1,984,1.3227293,17.53001,17.5812,0.057371687,0.0596,261.4111013,59.4467269,0.95857143,t17_f5_c3,0.99999833,17.5525,0.0738,825120105.0,False,True,False,bulk_1.0.0,0.0,992206740515015009,17.227327,0.03950438,0.043413494
44,ztf,58739.15241899993,985152410515015012,2,985152410515,19.819374,1,985,2.0142841,17.228903,17.1924,0.048088748,0.0404,261.4111094,59.4467097,0.95285714,t17_f5_c3,0.9999975,17.1632,0.0496,825120205.0,False,False,False,bulk_1.0.0,0.0,992206740515015009,,,
45,ztf,58739.18593750009,985185930515015008,1,985185930515,19.222198,1,985,1.2745419,17.543495,17.554,0.06662331,0.0667,261.4110848,59.4466905,0.8857143,t17_f5_c3,0.99999905,17.5553,0.0851,825120105.0,False,True,False,bulk_1.0.0,0.0,992206740515015009,17.237516,0.0468608,0.050261427
46,ztf,58740.15258099977,986152580515015014,2,986152580515,19.676714,1,986,1.9050153,17.17986,17.1538,0.05044473,0.0431,261.4110554,59.4467338,0.94285715,t17_f5_c3,1.0,17.1171,0.0526,825120205.0,False,False,False,bulk_1.0.0,0.0,992206740515015009,,,
47,ztf,58740.18569440022,986185690515015006,1,986185690515,19.406345,1,986,1.2899184,17.577398,17.6026,0.064045325,0.0764,261.4110727,59.4467601,0.95428574,t17_f5_c3,0.99999833,17.5615,0.0939,825120105.0,False,True,False,bulk_1.0.0,0.0,992206740515015009,17.262995,0.044185907,0.047943104
48,ztf,58741.152604199946,987152600515015015,2,987152600515,19.91341,1,987,2.0325155,17.230536,17.2372,0.04401453,0.0399,261.4111144,59.4467401,0.94285715,t17_f5_c3,0.9999995,17.2278,0.0498,825120205.0,False,False,False,bulk_1.0.0,0.0,992206740515015009,,,
49,ztf,58741.18258100003,987182580515015011,1,987182580515,19.717821,1,987,1.2833153,17.63009,17.6687,0.05222724,0.0656,261.4110775,59.4467386,0.95714283,t17_f5_c3,0.9999988,17.6166,0.0795,825120105.0,False,True,False,bulk_1.0.0,0.0,992206740515015009,17.302197,0.03345053,0.03861354
50,ztf,58742.15390049992,988153900515015007,2,988153900515,16.7457,1,988,1.69358,17.026,17.1161,0.245024,0.524,261.4109326,59.446725,0.642857,t17_f5_c3,,16.7697,0.4894,,False,False,False,bulk_1.0.0,0.0,992206740515015009,,,
51,ztf,58743.154178199824,989154170515015015,2,989154170515,20.13949,1,989,1.9851735,17.247793,17.2337,0.04388155,0.0319,261.4110956,59.446725,0.9514286,t17_f5_c3,0.9999974,17.2197,0.0391,825120205.0,False,False,False,bulk_1.0.0,0.0,992206740515015009,,,
52,ztf,58743.18314810004,989183140515015007,1,989183140515,19.851692,1,989,1.3580868,17.649246,17.6611,0.05669867,0.053,261.4111183,59.4467426,0.9671429,t17_f5_c3,0.9999999,17.6522,0.0664,825120105.0,False,True,False,bulk_1.0.0,0.0,992206740515015009,17.316326,0.03686688,0.041725837
53,ztf,58744.15309030004,990153090515015021,2,990153090515,20.232893,1,990,1.975017,17.259287,17.2687,0.051722907,0.0293,261.4110869,59.4467321,0.9442857,t17_f5_c3,0.9999838,17.2424,0.0353,825120205.0,False,False,False,bulk_1.0.0,0.0,992206740515015009,,,
54,ztf,58744.182152799796,990182150515015010,1,990182150515,20.224272,1,990,1.3256403,17.686008,17.6596,0.057846162,0.0394,261.4111002,59.4467378,0.9628571,t17_f5_c3,0.9999999,17.6788,0.0501,825120105.0,False,True,False,bulk_1.0.0,0.0,992206740515015009,17.34326,0.037126943,0.042186636
55,ztf,58745.153125000186,991153120515015049,2,991153120515,20.422737,1,991,1.9628128,17.267214,17.2724,0.041087177,0.0278,261.4110858,59.4467125,0.8414286,t17_f5_c3,0.9999736,17.2648,0.0339,825120205.0,False,False,False,bulk_1.0.0,0.0,992206740515015009,,,
56,ztf,58745.18226849986,991182260515015017,1,991182260515,20.519623,1,991,1.2947145,17.727497,17.7036,0.04769265,0.0336,261.4110826,59.4467308,0.96,t17_f5_c3,0.9999998,17.6893,0.0408,825120105.0,False,True,False,bulk_1.0.0,0.0,992206740515015009,17.37336,0.02757672,0.034418844
57,ztf,58746.15289349994,992152890515015022,2,992152890515,20.357632,1,992,1.9998065,17.274368,17.271,0.048130237,0.0279,261.4111003,59.4467353,0.9357143,t17_f5_c3,0.9999992,17.242,0.0333,825120205.0,False,False,False,bulk_1.0.0,0.0,992206740515015009,,,
58,ztf,58746.206747699995,992206740515015009,1,992206740515,20.194313,1,992,1.3566854,17.758196,17.7651,0.057865337,0.0366,261.4111242,59.4467228,0.91714287,t17_f5_c3,0.9999993,17.7897,0.0461,825120105.0,False,True,False,bulk_1.0.0,0.0,1012171660515015003,17.395426,0.03570199,0.041429594
59,ztf,58747.15274310019,993152740515015044,2,993152740515,20.348755,1,993,1.9989314,17.289545,17.2839,0.048085798,0.0295,261.4111039,59.44672,0.93714285,t17_f5_c3,0.9999896,17.2822,0.0362,825120205.0,False,False,False,bulk_1.0.0,0.0,1012171660515015003,,,
60,ztf,58747.182152799796,993182150515015009,1,993182150515,20.35539,1,993,1.35479,17.777542,17.7785,0.05179581,0.0385,261.4111112,59.446741,0.95714283,t17_f5_c3,1.0,17.7326,0.0457,825120105.0,False,True,False,bulk_1.0.0,0.0,1012171660515015003,17.409243,0.030135022,0.036895614
61,ztf,58748.15174769983,994151740515015029,2,994151740515,20.157015,1,994,2.056077,17.306421,17.3052,0.04450624,0.0313,261.4111344,59.4467051,0.9442857,t17_f5_c3,0.9999999,17.3113,0.0389,825120205.0,False,False,False,bulk_1.0.0,0.0,1012171660515015003,,,
62,ztf,58748.181273099966,994181270515015015,1,994181270515,20.099094,1,994,1.3514246,17.766787,17.7512,0.060447823,0.042,261.4111237,59.4467139,0.9342857,t17_f5_c3,0.99999917,17.7654,0.053,825120105.0,False,True,False,bulk_1.0.0,0.0,1012171660515015003,17.40157,0.03765373,0.043181136
63,ztf,58749.154374999925,995154370515015028,2,995154370515,20.38432,1,995,1.967361,17.326752,17.314,0.03639275,0.0298,261.4110864,59.4467355,0.9085714,t17_f5_c3,0.99987817,17.3162,0.0367,825120205.0,False,False,False,bulk_1.0.0,0.0,1012171660515015003,,,
64,ztf,58749.18278940022,995182780515015016,1,995182780515,20.434195,1,995,1.3193411,17.828714,17.8544,0.063570075,0.0401,261.4111001,59.4467318,0.94714284,t17_f5_c3,1.0,17.8536,0.0496,825120105.0,False,True,False,bulk_1.0.0,0.0,1012171660515015003,17.445446,0.03886308,0.044662707
65,ztf,58750.15462959977,996154620515015022,2,996154620515,20.14936,1,996,1.9848704,17.305054,17.3398,0.04211407,0.0327,261.4110927,59.4467214,0.95428574,t17_f5_c3,0.9999999,17.3473,0.0408,825120205.0,False,False,False,bulk_1.0.0,0.0,1012171660515015003,,,
66,ztf,58750.18309029983,996183090515015021,1,996183090515,19.882597,1,996,1.3295121,17.815441,17.8249,0.07004368,0.0445,261.4111087,59.4467251,0.8742857,t17_f5_c3,0.99998814,17.8204,0.0552,825120105.0,False,True,False,bulk_1.0.0,0.0,1012171660515015003,17.436102,0.044307545,0.049389385
67,ztf,58751.152280100156,997152280515015017,2,997152280515,20.21684,1,997,1.9881824,17.335472,17.3696,0.0513863,0.0334,261.4111015,59.4467297,0.94714284,t17_f5_c3,0.99999964,17.3644,0.0412,825120205.0,False,False,False,bulk_1.0.0,0.0,1012171660515015003,,,
68,ztf,58751.18072920013,997180720515015011,1,997180720515,20.149773,1,997,1.3114089,17.83836,17.8598,0.060586475,0.0446,261.4110926,59.4467429,0.9442857,t17_f5_c3,0.9999995,17.8512,0.0552,825120105.0,False,True,False,bulk_1.0.0,0.0,1012171660515015003,17.452213,0.036219236,0.04245383
69,ztf,58754.15188660007,1000151880515015019,2,1000151880515,20.524061,1,1000,1.9826128,17.34554,17.4087,0.049070936,0.0282,261.4110919,59.4467355,0.94285715,t17_f5_c3,0.99994045,17.3973,0.034,825120205.0,False,False,False,bulk_1.0.0,0.0,1012171660515015003,,,
70,ztf,58754.18039349979,1000180390515015009,1,1000180390515,20.323807,1,1000,1.3204958,17.89513,17.9338,0.0699774,0.0373,261.411103,59.4467039,0.86285716,t17_f5_c3,0.9999825,17.9196,0.0451,825120105.0,False,True,False,bulk_1.0.0,0.0,1012171660515015003,17.49168,0.042443372,0.0482589
71,ztf,58758.16083330009,1004160830515015014,2,1004160830515,20.06701,1,1004,1.9899889,17.415873,17.3824,0.047428947,0.0346,261.4110911,59.4467212,0.9457143,t17_f5_c3,0.9999996,17.3572,0.0419,825120205.0,False,False,False,bulk_1.0.0,0.0,1012171660515015003,,,
72,ztf,58758.19715279993,1004197150515015005,1,1004197150515,19.892132,1,1004,1.2267144,17.983398,18.0639,0.07348092,0.0562,261.4110522,59.446714,0.8442857,t17_f5_c3,0.99999785,18.0494,0.0695,825120105.0,False,True,False,bulk_1.0.0,0.0,1012171660515015003,17.551777,0.04299848,0.04937712
73,ztf,58759.1854514,1005185450515015029,2,1005185450515,20.103294,1,1005,2.0097373,17.40019,17.445,0.04152757,0.0377,261.4111044,59.4467322,0.94285715,t17_f5_c3,0.99999684,17.4431,0.0469,825120205.0,False,False,False,bulk_1.0.0,0.0,1012171660515015003,,,
74,ztf,58760.15329860011,1006153290515015020,2,1006153290515,20.219002,1,1006,1.9783614,17.427633,17.3613,0.05581321,0.0339,261.4110927,59.446736,0.9357143,t17_f5_c3,0.9999974,17.3003,0.0398,825120205.0,False,False,False,bulk_1.0.0,0.0,1012171660515015003,,,
75,ztf,58760.181539400015,1006181530515015009,1,1006181530515,20.047594,1,1006,1.3779645,18.063528,18.0846,0.06559104,0.0583,261.4111244,59.4467385,0.94,t17_f5_c3,0.9999964,18.0163,0.0689,825120105.0,False,True,False,bulk_1.0.0,0.0,1012171660515015003,17.604963,0.03462217,0.042995095
76,ztf,58761.152280100156,1007152280515015026,2,1007152280515,20.203629,1,1007,1.9943726,17.416683,17.397,0.047730383,0.0363,261.4110987,59.4467218,0.9514286,t17_f5_c3,0.99998593,17.3658,0.0439,825120205.0,False,False,False,bulk_1.0.0,0.0,1012171660515015003,,,
77,ztf,58761.18055560021,1007180550515015005,1,1007180550515,19.94872,1,1007,1.3296921,18.03493,18.1285,0.06921569,0.0675,261.4110978,59.4467381,0.9614286,t17_f5_c3,0.9999999,18.1619,0.0877,825120105.0,False,True,False,bulk_1.0.0,0.0,1012171660515015003,17.586132,0.03831684,0.04578107
78,ztf,58762.152002300136,1008152000515015015,2,1008152000515,20.177563,1,1008,1.9890368,17.43786,17.4299,0.04684646,0.0376,261.4110988,59.446734,0.95285714,t17_f5_c3,0.99999857,17.4123,0.0462,825120205.0,False,False,False,bulk_1.0.0,0.0,1012171660515015003,,,
79,ztf,58762.17973379977,1008179730515015005,1,1008179730515,19.983719,1,1008,1.2742054,18.012398,17.9056,0.06644676,0.057,261.4110747,59.4467182,0.9628571,t17_f5_c3,1.0,17.9172,0.0726,825120105.0,False,True,False,bulk_1.0.0,0.0,1012171660515015003,17.571178,0.03671575,0.04425738
80,ztf,58763.15326389996,1009153260515015009,2,1009153260515,20.063946,1,1009,2.0031095,17.40637,17.4165,0.061499927,0.0398,261.4111062,59.4467341,0.9342857,t17_f5_c3,0.9999825,17.4254,0.0502,825120205.0,False,False,False,bulk_1.0.0,0.0,1012171660515015003,,,
81,ztf,58763.18107639998,1009181070515015000,1,1009181070515,19.873037,1,1009,1.293484,18.048674,17.9935,0.06895592,0.0658,261.4110867,59.446726,0.9657143,t17_f5_c3,0.9999993,18.0027,0.0839,825120105.0,False,True,False,bulk_1.0.0,0.0,1012171660515015003,17.595203,0.037736855,0.04541337
82,ztf,58764.138553199824,1010138550515015010,2,1010138550515,20.117937,1,1010,1.9220872,17.446001,17.4335,0.052760836,0.0412,261.4110609,59.4467489,0.92285717,t17_f5_c3,0.99975634,17.4363,0.0518,825120205.0,False,False,False,bulk_1.0.0,0.0,1012171660515015003,,,
83,ztf,58764.17240739986,1010172400515015003,1,1010172400515,19.894331,1,1010,1.2890211,18.109608,18.0073,0.08022578,0.0718,261.4110811,59.4467369,0.94857144,t17_f5_c3,0.9999667,18.099,0.0989,825120105.0,False,True,False,bulk_1.0.0,0.0,1012171660515015003,17.634947,0.044698298,0.051814333
84,ztf,58765.14043979999,1011140430515015003,2,1011140430515,20.067562,1,1011,2.0047412,17.427462,17.3839,0.043221865,0.0409,261.4111055,59.4467253,0.93857145,t17_f5_c3,0.99994534,17.3411,0.0493,825120205.0,False,False,False,bulk_1.0.0,0.0,1012171660515015003,,,
85,ztf,58765.173101900145,1011173100515015005,1,1011173100515,19.754211,1,1011,1.3493502,18.124891,18.1858,0.08576169,0.0902,261.4111189,59.4467201,0.9628571,t17_f5_c3,0.9999995,18.1101,0.1071,825120105.0,False,True,False,bulk_1.0.0,0.0,1012171660515015003,17.644794,0.048353802,0.055113044
86,ztf,58766.1389583,1012138950515015008,2,1012138950515,19.71253,1,1012,1.9866985,17.44839,17.4786,0.057078414,0.0483,261.4110937,59.446721,0.95428574,t17_f5_c3,0.99999976,17.4257,0.058,825120205.0,False,False,False,bulk_1.0.0,0.0,1012171660515015003,,,
87,ztf,58766.17166669993,1012171660515015003,1,1012171660515,19.529387,1,1012,1.3386716,18.088123,18.0849,0.07748153,0.0935,261.4111094,59.4467391,0.9557143,t17_f5_c3,0.9999943,17.994,0.1096,825120105.0,False,True,False,bulk_1.0.0,0.0,1040136290515015007,17.621023,0.04324255,0.050391603
88,ztf,58767.1391551001,1013139150515015004,2,1013139150515,19.34132,1,1013,1.9912667,17.399376,17.4302,0.04908177,0.0564,261.4110968,59.4466884,0.9357143,t17_f5_c3,0.9999994,17.3921,0.0691,825120205.0,False,False,False,bulk_1.0.0,0.0,1040136290515015007,,,
89,ztf,58767.16916669998,1013169160515015008,1,1013169160515,18.920357,1,1013,1.3244963,18.12659,18.1762,0.13418844,0.1182,261.4111105,59.4467065,0.5285714,t17_f5_c3,0.999265,17.999,0.1284,825120105.0,False,True,False,bulk_1.0.0,0.0,1040136290515015007,17.645885,0.082019135,0.08618529
90,ztf,58768.14099540003,1014140990515015003,2,1014140990515,19.518082,1,1014,1.9871047,17.457811,17.4149,0.057650074,0.056,261.4110973,59.4467162,0.94714284,t17_f5_c3,0.9999999,17.3998,0.0701,825120205.0,False,False,False,bulk_1.0.0,0.0,1040136290515015007,,,
91,ztf,58768.16975690005,1014169750515015003,1,1014169750515,19.209597,1,1014,1.3781753,18.115513,17.9988,0.08294609,0.1064,261.4111332,59.4467297,0.95428574,t17_f5_c3,0.999969,17.968,0.1322,825120105.0,False,True,False,bulk_1.0.0,0.0,1040136290515015007,17.638758,0.04655322,0.053467996
92,ztf,58769.14067129977,1015140670515015003,2,1015140670515,19.544212,1,1015,2.027006,17.469727,17.3969,0.04583642,0.0574,261.4111118,59.4467329,0.9514286,t17_f5_c3,0.9999995,17.2641,0.0646,825120205.0,False,False,False,bulk_1.0.0,0.0,1040136290515015007,,,
93,ztf,58769.169699099846,1015169690515015001,1,1015169690515,19.127035,1,1015,1.5287547,18.08541,18.0581,0.087548785,0.1261,261.4112223,59.4467102,0.8642857,t17_f5_c3,0.9999572,17.9714,0.149,825120105.0,False,False,True,bulk_1.0.0,0.0,1040136290515015007,,,
94,ztf,58770.140474500135,1016140470515015001,2,1016140470515,19.593805,1,1016,1.907898,17.48416,17.5123,0.05612379,0.0637,261.4110495,59.4467443,0.95428574,t17_f5_c3,0.99999976,17.5436,0.0833,825120205.0,False,False,False,bulk_1.0.0,0.0,1040136290515015007,,,
95,ztf,58770.16974540008,1016169740515015007,1,1016169740515,19.002102,1,1016,1.270395,18.213146,18.1938,0.119393334,0.1534,261.4110788,59.4467158,0.8485714,t17_f5_c3,0.9999982,18.0894,0.1784,825120105.0,False,True,False,bulk_1.0.0,0.0,1040136290515015007,17.70068,0.06907168,0.074472055
96,ztf,58771.14208329981,1017142080515015005,2,1017142080515,19.43648,1,1017,1.9725479,17.493303,17.5354,0.057439346,0.0638,261.411084,59.4467385,0.9357143,t17_f5_c3,0.99999994,17.5049,0.0787,825120205.0,False,False,False,bulk_1.0.0,0.0,1040136290515015007,,,
97,ztf,58771.169976899866,1017169970515015006,1,1017169970515,19.122026,1,1017,1.3763123,18.103815,18.1324,0.101798065,0.1293,261.4111189,59.4467526,0.95428574,t17_f5_c3,0.9999324,18.1019,0.1607,825120105.0,False,True,False,bulk_1.0.0,0.0,1040136290515015007,17.631203,0.06047256,0.06587106
98,ztf,58772.14239579998,1018142390515015004,2,1018142390515,19.854128,1,1018,1.9151826,17.533861,17.5684,0.052553035,0.0545,261.4110583,59.44673,0.95428574,t17_f5_c3,0.9999974,17.5726,0.0691,825120205.0,False,False,False,bulk_1.0.0,0.0,1040136290515015007,,,
99,ztf,58772.17032410018,1018170320515015002,1,1018170320515,19.42567,1,1018,1.3301631,18.18879,18.0801,0.084132284,0.103,261.411106,59.4467311,0.9742857,t17_f5_c3,0.9999999,18.0305,0.1257,825120105.0,False,True,False,bulk_1.0.0,0.0,1040136290515015007,17.685423,0.045241244,0.05291953
100,ztf,58773.141030100174,1019141030515015003,2,1019141030515,19.564545,1,1019,2.0136058,17.530134,17.6215,0.060619026,0.0751,261.4111119,59.446745,0.95285714,t17_f5_c3,0.99999,17.6347,0.0965,825120205.0,False,False,False,bulk_1.0.0,0.0,1040136290515015007,,,
101,ztf,58773.16894679982,1019168940515015003,1,1019168940515,19.491083,1,1019,1.2833219,18.161442,18.1345,0.093407154,0.119,261.4110785,59.446737,0.94142854,t17_f5_c3,0.9999998,18.1868,0.1592,825120105.0,False,True,False,bulk_1.0.0,0.0,1040136290515015007,17.66814,0.052787125,0.059300683
102,ztf,58774.141319400165,1020141310515015007,2,1020141310515,19.853205,1,1020,2.0295537,17.515009,17.5246,0.04928236,0.0425,261.4111127,59.4467095,0.93857145,t17_f5_c3,0.9999998,17.5201,0.0529,825120205.0,False,False,False,bulk_1.0.0,0.0,1040136290515015007,,,
103,ztf,58774.16888889996,1020168880515015006,1,1020168880515,19.99729,1,1020,1.3354824,18.228859,18.21,0.08463064,0.0673,261.4111097,59.4467302,0.93857145,t17_f5_c3,0.99999964,18.261,0.0887,825120105.0,False,True,False,bulk_1.0.0,0.0,1040136290515015007,17.710453,0.044351496,0.05250074
104,ztf,58775.14105319977,1021141050515015009,2,1021141050515,20.155975,1,1021,1.9650474,17.564562,17.5636,0.05016529,0.0437,261.411086,59.4467364,0.95857143,t17_f5_c3,0.99999666,17.5467,0.0537,825120205.0,False,False,False,bulk_1.0.0,0.0,1051100450515015066,,,
105,ztf,58775.16899310006,1021168990515015007,1,1021168990515,20.19776,1,1021,1.3135477,18.237719,18.1551,0.0635874,0.0623,261.4110979,59.4467299,0.9671429,t17_f5_c3,0.9999999,18.1454,0.0774,825120105.0,False,True,False,bulk_1.0.0,0.0,1051100450515015066,17.71594,0.027369736,0.039324213
106,ztf,58776.14027780015,1022140270515015006,2,1022140270515,20.206444,1,1022,1.9579675,17.541742,17.5845,0.050454833,0.0422,261.4110811,59.4467393,0.9457143,t17_f5_c3,0.999998,17.588,0.0528,825120205.0,False,False,False,bulk_1.0.0,0.0,1051100450515015066,,,
107,ztf,58776.16821759986,1022168210515015004,1,1022168210515,20.130121,1,1022,1.3007787,18.271563,18.3134,0.061599143,0.0725,261.4110902,59.4467142,0.95857143,t17_f5_c3,0.99999976,18.221,0.0839,825120105.0,False,True,False,bulk_1.0.0,0.0,1051100450515015066,17.736746,0.024255306,0.037639875
108,ztf,58777.14068289986,1023140680515015005,2,1023140680515,19.780474,1,1023,1.972745,17.56785,17.5851,0.059806768,0.0459,261.4110828,59.4467091,0.94,t17_f5_c3,0.9999904,17.5325,0.0549,825120205.0,False,False,False,bulk_1.0.0,0.0,1051100450515015066,,,
109,ztf,58777.16865740018,1023168650515015008,1,1023168650515,19.788172,1,1023,1.2791557,18.27157,18.267,0.08791775,0.0706,261.4110857,59.4466692,0.8,t17_f5_c3,0.9999962,18.2383,0.0866,825120105.0,False,True,False,bulk_1.0.0,0.0,1051100450515015066,17.736752,0.04536036,0.053721596
110,ztf,58778.14087959984,1024140870515015002,2,1024140870515,20.145262,1,1024,1.983655,17.548025,17.4994,0.06154307,0.0411,261.4110957,59.446733,0.9457143,t17_f5_c3,0.9999999,17.5472,0.0535,825120205.0,False,False,False,bulk_1.0.0,0.0,1051100450515015066,,,
111,ztf,58778.16886569979,1024168860515015006,1,1024168860515,20.052902,1,1024,1.3232709,18.241367,18.3702,0.07964901,0.079,261.4111044,59.4467315,0.94142854,t17_f5_c3,1.0,18.4538,0.1073,825120105.0,False,True,False,bulk_1.0.0,0.0,1051100450515015066,17.718197,0.040242225,0.04919397
112,ztf,58779.14068289986,1025140680515015010,2,1025140680515,19.995958,1,1025,2.0110986,17.573694,17.5509,0.04961199,0.0465,261.4111084,59.4467291,0.95857143,t17_f5_c3,0.9999476,17.51,0.0562,825120205.0,False,False,False,bulk_1.0.0,0.0,1051100450515015066,,,
113,ztf,58779.16869209986,1025168690515015007,1,1025168690515,20.195276,1,1025,1.2565128,18.26319,18.293,0.072919376,0.0728,261.4110606,59.4467366,0.94714284,t17_f5_c3,0.9999999,18.2338,0.0868,825120105.0,False,True,False,bulk_1.0.0,0.0,1051100450515015066,17.731623,0.03430148,0.04469059
114,ztf,58781.14059029985,1027140590515015002,2,1027140590515,19.22544,1,1027,1.9000406,17.570663,17.6619,0.088239804,0.0545,261.4110462,59.4466887,0.6614286,t17_f5_c3,0.9999865,17.6393,0.0674,825120205.0,False,False,False,bulk_1.0.0,0.0,1051100450515015066,,,
115,ztf,58781.168182900175,1027168180515015003,1,1027168180515,19.538912,1,1027,1.3036779,18.234613,18.2633,0.10163364,0.0778,261.4110991,59.4467076,0.68857145,t17_f5_c3,0.9999129,18.261,0.0982,825120105.0,False,True,False,bulk_1.0.0,0.0,1051100450515015066,17.71402,0.05625529,0.06292163
116,ztf,58782.13969910005,1028139690515015002,2,1028139690515,20.063093,1,1028,1.9522945,17.574535,17.5406,0.058580253,0.0456,261.4110773,59.4467574,0.92142856,t17_f5_c3,0.9999958,17.5587,0.0581,825120205.0,False,False,False,bulk_1.0.0,0.0,1051100450515015066,,,
117,ztf,58782.1670022998,1028167000515015004,1,1028167000515,20.035835,1,1028,1.1436982,18.291313,18.3818,0.06972532,0.0841,261.4110124,59.4466908,0.96,t17_f5_c3,1.0,18.4369,0.1116,825120105.0,False,True,False,bulk_1.0.0,0.0,1051100450515015066,17.748772,0.030701319,0.042303283
118,ztf,58783.14090280002,1029140900515015004,2,1029140900515,19.911572,1,1029,1.9479789,17.59756,17.6196,0.058112737,0.0514,261.411076,59.4467322,0.95285714,t17_f5_c3,0.9999999,17.6679,0.0676,825120205.0,False,False,False,bulk_1.0.0,0.0,1051100450515015066,,,
119,ztf,58783.16806709999,1029168060515015004,1,1029168060515,20.032698,1,1029,1.2737823,18.306684,18.2995,0.07902311,0.0767,261.4110677,59.4467366,0.9442857,t17_f5_c3,0.99999917,18.3027,0.097,825120105.0,False,True,False,bulk_1.0.0,0.0,1051100450515015066,17.758072,0.03756949,0.047677025
120,ztf,58785.14054400008,1031140540515015002,2,1031140540515,19.863869,1,1031,1.9942795,17.587042,17.5842,0.056959342,0.0519,261.4111017,59.4467253,0.95,t17_f5_c3,0.9999992,17.564,0.0642,825120205.0,False,False,False,bulk_1.0.0,0.0,1051100450515015066,,,
121,ztf,58785.16776619991,1031167760515015007,1,1031167760515,19.96814,1,1031,1.2490336,18.313057,18.1902,0.0792529,0.0737,261.4110574,59.4467381,0.9628571,t17_f5_c3,0.9999993,18.2214,0.0957,825120105.0,False,True,False,bulk_1.0.0,0.0,1051100450515015066,17.761911,0.037522648,0.047704276
122,ztf,58786.14745370019,1032147450515015003,2,1032147450515,19.652271,1,1032,1.9710418,17.614391,17.5727,0.061639156,0.0541,261.4110838,59.4467112,0.95714283,t17_f5_c3,0.9999999,17.5645,0.0678,825120205.0,False,False,False,bulk_1.0.0,0.0,1051100450515015066,,,
123,ztf,58786.17422450008,1032174220515015007,1,1032174220515,19.672003,1,1032,1.3807219,18.315739,18.4211,0.10134409,0.0996,261.4111294,59.4467494,0.9342857,t17_f5_c3,0.9999984,18.3831,0.1219,825120105.0,False,True,False,bulk_1.0.0,0.0,1051100450515015066,17.763525,0.053324822,0.060941517
124,ztf,58787.13981480012,1033139810515015004,2,1033139810515,19.366453,1,1033,2.095837,17.670038,17.6151,0.071263865,0.0559,261.4111578,59.4467163,0.77428573,t17_f5_c3,0.99998176,17.5472,0.0664,825120205.0,False,False,False,bulk_1.0.0,0.0,1051100450515015066,,,
125,ztf,58787.166539399885,1033166530515015002,1,1033166530515,19.567041,1,1033,1.140313,18.383951,18.384,0.09844038,0.094,261.4110059,59.4467152,0.80142856,t17_f5_c3,0.99997544,18.2922,0.1095,825120105.0,False,True,False,bulk_1.0.0,0.0,1051100450515015066,17.804028,0.04890782,0.057703763
126,ztf,58788.14070599992,1034140700515015012,2,1034140700515,19.588459,1,1034,2.0432339,17.63384,17.7232,0.062382393,0.062,261.4111327,59.4467238,0.94142854,t17_f5_c3,0.9999981,17.7889,0.0832,825120205.0,False,False,False,bulk_1.0.0,0.0,1051100450515015066,,,
127,ztf,58788.16746529983,1034167460515015004,1,1034167460515,19.63531,1,1034,1.3274614,18.471714,18.424,0.09653773,0.0984,261.4111113,59.4467111,0.86142856,t17_f5_c3,0.9998647,18.4355,0.126,825120105.0,False,True,False,bulk_1.0.0,0.0,1051100450515015066,17.854609,0.044282567,0.054683343
128,ztf,58789.14108800003,1035141080515015010,2,1035141080515,19.57369,1,1035,2.0165546,17.68156,17.6371,0.062845156,0.0588,261.4111085,59.4466752,0.9442857,t17_f5_c3,0.9999999,17.5644,0.0696,825120205.0,False,False,False,bulk_1.0.0,0.0,1051100450515015066,,,
129,ztf,58789.16788189998,1035167880515015004,1,1035167880515,19.773912,1,1035,1.3589634,18.386923,18.4157,0.115150966,0.1031,261.4111125,59.4467365,0.94714284,t17_f5_c3,0.9999995,18.3723,0.1257,825120105.0,False,True,False,bulk_1.0.0,0.0,1051100450515015066,17.805769,0.060042147,0.0674227
130,ztf,58790.11336810002,1036113360515015004,2,1036113360515,19.811815,1,1036,1.9888383,17.694452,17.6677,0.060591638,0.0568,261.4110988,59.4467352,0.95714283,t17_f5_c3,0.99999976,17.7351,0.0762,825120205.0,False,False,False,bulk_1.0.0,0.0,1051100450515015066,,,
131,ztf,58791.09663189994,1037096630515015014,2,1037096630515,20.026058,1,1037,1.9551104,17.663872,17.6117,0.054085646,0.0499,261.4110771,59.4467368,0.9557143,t17_f5_c3,0.9999996,17.613,0.0628,825120205.0,False,False,False,bulk_1.0.0,0.0,1051100450515015066,,,
132,ztf,58791.13343749987,1037133430515015007,1,1037133430515,20.038298,1,1037,1.2555691,18.418507,18.3151,0.07464467,0.0853,261.4110624,59.4467385,0.96428573,t17_f5_c3,0.9999898,18.3228,0.1086,825120105.0,False,True,False,bulk_1.0.0,0.0,1051100450515015066,17.82415,0.02985173,0.04317738
133,ztf,58792.11370369978,1038113700515015003,2,1038113700515,19.79093,1,1038,1.9874197,17.680387,17.7053,0.08068701,0.0657,261.4110972,59.4467524,0.95,t17_f5_c3,0.99998105,17.7617,0.0875,825120205.0,False,False,False,bulk_1.0.0,0.0,1051100450515015066,,,
134,ztf,58793.100810199976,1039100810515015009,2,1039100810515,19.45603,1,1039,1.94795,17.687878,17.7791,0.07227998,0.0742,261.4110749,59.4467056,0.95285714,t17_f5_c3,0.99999976,17.7054,0.0881,825120205.0,False,False,False,bulk_1.0.0,0.0,1051100450515015066,,,
135,ztf,58793.141145799775,1039141140515015005,1,1039141140515,19.524427,1,1039,1.2879075,18.516087,18.4675,0.0913076,0.1312,261.4110843,59.4467298,0.9457143,t17_f5_c3,0.9999994,18.456,0.1654,825120105.0,False,True,False,bulk_1.0.0,0.0,1051100450515015066,17.87952,0.0387709,0.050801963
136,ztf,58794.10206020018,1040102060515015011,2,1040102060515,19.803177,1,1040,1.9991809,17.689547,17.7463,0.062375847,0.0679,261.4111003,59.4467432,0.95428574,t17_f5_c3,0.9999933,17.833,0.0931,825120205.0,False,False,False,bulk_1.0.0,0.0,1051100450515015066,,,
137,ztf,58794.13629630022,1040136290515015007,1,1040136290515,19.478947,1,1040,1.2117226,18.336353,18.2798,0.08729588,0.1202,261.4110295,59.446758,0.9614286,t17_f5_c3,1.0,18.242,0.148,825120105.0,False,True,False,bulk_1.0.0,0.0,1051100450515015066,17.775875,0.04270377,0.052095767
138,ztf,58795.103738400154,1041103730515015009,2,1041103730515,19.758463,1,1041,1.9808003,17.721462,17.645,0.061015725,0.0626,261.4110933,59.4467389,0.95714283,t17_f5_c3,0.99999976,17.6901,0.0826,825120205.0,False,False,False,bulk_1.0.0,0.0,1051100450515015066,,,
139,ztf,58795.11343749985,1041113430515015006,1,1041113430515,19.503187,1,1041,1.2595475,18.441862,18.3304,0.10104316,0.1237,261.4110725,59.4467167,0.9514286,t17_f5_c3,0.9999969,18.2891,0.1518,825120105.0,False,True,False,bulk_1.0.0,0.0,1051100450515015066,17.837599,0.04854627,0.057916403
140,ztf,58796.09782409994,1042097820515015015,2,1042097820515,19.565466,1,1042,1.9689139,17.679077,17.7676,0.066388115,0.075,261.4110877,59.446729,0.9614286,t17_f5_c3,0.9999994,17.7256,0.0917,825120205.0,False,False,False,bulk_1.0.0,0.0,1051100450515015066,,,
141,ztf,58796.14097219985,1042140970515015003,1,1042140970515,19.18077,1,1042,1.2012657,18.421923,18.3193,0.13815077,0.1455,261.4110396,59.4467168,0.9,t17_f5_c3,0.99999416,18.1152,0.1542,825120105.0,False,True,False,bulk_1.0.0,0.0,1051100450515015066,17.826124,0.07343196,0.07980576
142,ztf,58797.09373839991,1043093730515015005,2,1043093730515,19.697552,1,1043,1.9861683,17.755987,17.817,0.08929365,0.0807,261.4110972,59.446727,0.92142856,t17_f5_c3,0.99985087,17.7236,0.0941,825120205.0,False,False,False,bulk_1.0.0,0.0,1051100450515015066,,,
143,ztf,58797.13729170011,1043137290515015007,1,1043137290515,19.337288,1,1043,1.3189621,18.352827,18.4898,0.11047821,0.1829,261.4110786,59.4467514,0.95,t17_f5_c3,1.0,18.6015,0.2594,825120105.0,False,True,False,bulk_1.0.0,0.0,1051100450515015066,17.785675,0.058199048,0.06552638
144,ztf,58803.09251159988,1049092510515015032,1,1049092510515,19.606888,1,1049,1.174676,18.609175,18.5525,0.11041771,0.1484,261.4110071,59.4467599,0.9285714,t17_f5_c3,0.9999989,18.6476,0.2061,825120105.0,False,True,False,bulk_1.0.0,0.0,1051100450515015066,17.930325,0.04804171,0.059087954
145,ztf,58805.07849540003,1051078490515015004,2,1051078490515,19.301764,1,1051,1.892735,17.791483,17.9136,0.08068146,0.0736,261.411044,59.4467017,0.7457143,t17_f5_c3,0.9998895,17.8747,0.09,825120205.0,False,False,False,bulk_1.0.0,0.0,1051100450515015066,,,
146,ztf,58805.10045140004,1051100450515015066,1,1051100450515,19.512589,1,1051,1.1642432,18.596722,18.7066,0.14150827,0.1166,261.411017,59.4467222,0.62,t17_f5_c3,0.9985572,18.6537,0.1406,825120105.0,True,True,False,bulk_1.0.0,0.0,0,17.923643,0.06802008,0.07612907
147,ztf,58852.56038190005,1098560380515015006,2,1098560380515,20.36036,1,1098,1.9872613,19.368528,19.2221,0.11039528,0.1555,261.4110964,59.4466994,0.95,t17_f5_c3,0.9999684,19.2038,0.192,825120205.0,False,False,False,bulk_1.0.0,0.0,1126536440515015014,,,
148,ztf,58861.54967590002,1107549670515015010,2,1107549670515,19.37012,1,1107,1.7337121,19.4652,19.3426,0.20952761,0.2726,261.4109198,59.4465966,0.69285715,t17_f5_c3,0.9992351,19.3921,0.3636,825120205.0,False,False,False,bulk_1.0.0,0.0,1132555230515015008,,,
149,ztf,58866.536284700036,1112536280515015005,2,1112536280515,20.09484,1,1112,2.0195189,19.40301,19.4311,0.14798863,0.2143,261.4111053,59.4466662,0.94285715,t17_f5_c3,0.99999833,19.2265,0.2246,825120205.0,False,False,False,bulk_1.0.0,0.0,1132555230515015008,,,
150,ztf,58873.53186339978,1119531860515015007,2,1119531860515,20.397234,1,1119,2.034053,19.464296,19.5308,0.13691434,0.1954,261.4111237,59.4467276,0.93,t17_f5_c3,0.9999684,19.5276,0.2442,825120205.0,False,False,False,bulk_1.0.0,0.0,1132555230515015008,,,
151,ztf,58875.5452430998,1121545240515015006,2,1121545240515,20.167757,1,1121,2.0049694,19.512865,19.3013,0.14635526,0.1539,261.4110973,59.4466559,0.83428574,t17_f5_c3,0.99997616,19.2484,0.1834,825120205.0,False,False,False,bulk_1.0.0,0.0,1132555230515015008,,,
152,ztf,58876.556909699924,1122556900515015007,2,1122556900515,20.494041,1,1122,2.1292505,19.56841,19.4666,0.1322504,0.1764,261.4111718,59.4467167,0.9442857,t17_f5_c3,0.99987006,19.5682,0.2421,825120205.0,False,False,False,bulk_1.0.0,0.0,1132555230515015008,,,
153,ztf,58877.516354199965,1123516350515015007,2,1123516350515,20.16701,1,1123,2.0893686,19.515697,19.3247,0.1541151,0.1654,261.4111495,59.4466786,0.9057143,t17_f5_c3,0.99993193,19.3539,0.2131,825120205.0,False,False,False,bulk_1.0.0,0.0,1132555230515015008,,,
154,ztf,58878.571898099966,1124571890515015006,2,1124571890515,19.714602,1,1124,2.208068,19.407696,19.3341,0.18130301,0.217,261.4112122,59.4466624,0.8385714,t17_f5_c3,0.9981223,19.2868,0.2635,825120205.0,False,False,False,bulk_1.0.0,0.0,1132555230515015008,,,
155,ztf,58880.53644679999,1126536440515015014,2,1126536440515,20.176344,1,1126,2.085973,19.46236,19.5101,0.13509452,0.1996,261.4111517,59.4467123,0.94857144,t17_f5_c3,0.99986124,19.7474,0.312,825120205.0,False,False,False,bulk_1.0.0,0.0,1132555230515015008,,,
156,ztf,58881.54988430021,1127549880515015008,2,1127549880515,20.426937,1,1127,1.926668,19.498207,19.358,0.11455907,0.164,261.4110561,59.4466895,0.9357143,t17_f5_c3,0.99999493,19.3935,0.212,825120205.0,False,False,False,bulk_1.0.0,0.0,1132555230515015008,,,
157,ztf,58883.556261599995,1129556260515015004,2,1129556260515,19.7613,1,1129,2.52914,19.7628,19.5151,0.258958,0.2099,261.4113903,59.4466596,0.42,t17_f5_c3,,19.6891,0.3105,,False,False,False,bulk_1.0.0,0.0,1132555230515015008,,,
158,ztf,58885.540925899986,1131540920515015009,2,1131540920515,20.425453,1,1131,1.9949332,19.480589,19.2944,0.124845035,0.1586,261.4110985,59.4466852,0.9614286,t17_f5_c3,0.99999976,19.2929,0.1986,825120205.0,False,False,False,bulk_1.0.0,0.0,1132555230515015008,,,
159,ztf,58886.55523149995,1132555230515015008,2,1132555230515,20.20595,1,1132,2.0041268,19.547604,19.3737,0.1258089,0.2107,261.4111035,59.4467298,0.94142854,t17_f5_c3,0.99999905,19.5094,0.3019,825120205.0,False,False,False,bulk_1.0.0,0.0,1160526990515015009,,,
160,ztf,58892.5129976999,1138512990515015004,2,1138512990515,19.834995,1,1138,2.1149204,19.501444,19.5035,0.15052338,0.2651,261.4111577,59.4466901,0.9257143,t17_f5_c3,0.9999881,19.5886,0.3639,825120205.0,False,False,False,bulk_1.0.0,0.0,1160526990515015009,,,
161,ztf,58894.53766199993,1140537660515015002,2,1140537660515,20.189829,1,1140,2.045675,19.879093,20.2832,0.19597585,0.4474,261.4111301,59.4467248,0.8457143,t17_f5_c3,0.999491,20.1278,0.4902,825120205.0,False,False,False,bulk_1.0.0,0.0,1160526990515015009,,,
162,ztf,58895.48785880022,1141487850515015005,2,1141487850515,20.349373,1,1141,1.9662828,19.61504,19.7064,0.1506344,0.2429,261.4110859,59.4467393,0.92,t17_f5_c3,0.9997584,19.663,0.2935,825120205.0,False,False,False,bulk_1.0.0,0.0,1160526990515015009,,,
163,ztf,58898.531099500135,1144531090515015015,2,1144531090515,20.596615,1,1144,1.9720994,19.593557,19.6582,0.14702143,0.1942,261.4110872,59.4467314,0.87285715,t17_f5_c3,0.9996333,19.6641,0.2431,825120205.0,False,False,False,bulk_1.0.0,0.0,1160526990515015009,,,
164,ztf,58899.50942130014,1145509420515015008,2,1145509420515,20.365067,1,1145,1.9723235,19.737446,19.8869,0.16831747,0.2712,261.4110958,59.4467356,0.93714285,t17_f5_c3,0.99993724,19.698,0.2862,825120205.0,False,False,False,bulk_1.0.0,0.0,1160526990515015009,,,
165,ztf,58900.48868060019,1146488680515015016,2,1146488680515,19.7465,1,1146,2.1831,19.6499,19.7121,0.266015,0.4322,261.4111965,59.4466709,0.841429,t17_f5_c3,,19.7899,0.5903,,False,False,False,bulk_1.0.0,0.0,1160526990515015009,,,
166,ztf,58903.511701399926,1149511700515015011,2,1149511700515,20.52026,1,1149,2.0371814,19.736156,19.6124,0.14888024,0.1928,261.4111244,59.4467419,0.9242857,t17_f5_c3,0.9990562,19.5265,0.2226,825120205.0,False,False,False,bulk_1.0.0,0.0,1160526990515015009,,,
167,ztf,58904.5322106001,1150532210515015007,2,1150532210515,20.135769,1,1150,2.0649407,19.540525,19.7505,0.16043922,0.2428,261.411138,59.4466945,0.9185714,t17_f5_c3,0.9999889,19.5928,0.2641,825120205.0,False,False,False,bulk_1.0.0,0.0,1160526990515015009,,,
168,ztf,58906.513205999974,1152513200515025006,2,1152513200515,19.7723,1,1152,2.34256,19.6938,19.5974,0.239418,0.3248,261.4112917,59.4467246,0.874286,t17_f5_c3,,19.2968,0.3129,,False,False,False,bulk_1.0.0,0.0,1160526990515015009,,,
169,ztf,58908.509166699834,1154509160515015009,2,1154509160515,20.4702,1,1154,2.08103,19.7057,19.2809,0.138408,0.1501,261.4111382,59.446679,0.728571,t17_f5_c3,,19.2707,0.186,,False,False,False,bulk_1.0.0,0.0,1160526990515015009,,,
170,ztf,58908.509166699834,1154509160515025009,2,1154509160515,20.4702,1,1154,2.08103,19.7057,19.2809,0.138408,0.1501,261.4111382,59.446679,0.728571,t17_f5_c3,,19.2707,0.186,,False,False,False,bulk_1.0.0,0.0,1182517840515015012,,,
171,ztf,58911.51064810017,1157510640515015004,2,1157510640515,19.9667,1,1157,2.07701,19.8062,19.9783,0.223158,0.3054,261.4111194,59.4466198,0.777143,t17_f5_c3,,19.949,0.3741,,False,False,False,bulk_1.0.0,0.0,1160526990515015009,,,
172,ztf,58912.494930599816,1158494930515015004,2,1158494930515,20.480755,1,1158,2.0645752,19.62451,19.8648,0.19372296,0.2629,261.4111387,59.4467442,0.5714286,t17_f5_c3,0.67730796,19.6745,0.2767,825120205.0,False,False,False,bulk_1.0.0,0.0,1160526990515015009,,,
173,ztf,58913.496423599776,1159496420515015009,2,1159496420515,20.316755,1,1159,1.9561266,19.575304,19.5347,0.17949685,0.2263,261.4110765,59.4467303,0.7285714,t17_f5_c3,0.99959594,19.5321,0.2836,825120205.0,False,False,False,bulk_1.0.0,0.0,1160526990515015009,,,
174,ztf,58914.52699070005,1160526990515015009,2,1160526990515,20.680696,1,1160,1.962939,19.622807,19.7416,0.14238054,0.2044,261.4110833,59.4467321,0.6757143,t17_f5_c3,0.99913424,19.7562,0.2574,825120205.0,False,False,False,bulk_1.0.0,0.0,1187434760515015005,,,
175,ztf,58936.517847199924,1182517840515015012,2,1182517840515,20.437485,1,1182,1.9632354,19.72468,20.0851,0.17463884,0.3161,261.4110825,59.4467439,0.89,t17_f5_c3,0.99998355,19.8341,0.3145,825120205.0,False,False,False,bulk_1.0.0,0.0,1211442650515015010,,,
176,ztf,58941.43476849981,1187434760515015005,2,1187434760515,20.293594,1,1187,2.1971643,19.816256,19.9019,0.18592049,0.2485,261.4112114,59.4467425,0.9,t17_f5_c3,0.9999956,19.7358,0.2665,825120205.0,False,False,False,bulk_1.0.0,0.0,1213364540515015007,,,
177,ztf,58943.472291700076,1189472290515015003,2,1189472290515,20.288866,1,1189,2.1401079,20.006207,19.9843,0.20778947,0.3227,261.4111709,59.4466636,0.8371429,t17_f5_c3,0.9689729,19.9417,0.3914,825120205.0,False,False,False,bulk_1.0.0,0.0,1213364540515015007,,,
178,ztf,58953.44593749987,1199445930515015009,2,1199445930515,20.253656,1,1199,2.0076985,19.713045,19.5311,0.15677093,0.2062,261.4111078,59.4467573,0.91714287,t17_f5_c3,0.99996996,19.6995,0.3022,825120205.0,False,False,False,bulk_1.0.0,0.0,1213364540515015007,,,
179,ztf,58954.493159700185,1200493150515015009,2,1200493150515,20.439571,1,1200,1.9549315,19.852985,19.5661,0.15049303,0.1992,261.4110784,59.4467362,0.9057143,t17_f5_c3,0.9997559,19.6379,0.2666,825120205.0,False,False,False,bulk_1.0.0,0.0,1213364540515015007,,,
180,ztf,58954.512627299875,1200512620515015005,2,1200512620515,20.1573,1,1200,2.05783,20.2212,20.627,0.292883,0.661,261.4111328,59.4467269,0.815714,t17_f5_c3,,20.9138,1.091,,False,False,False,bulk_1.0.0,0.0,1213364540515015007,,,
181,ztf,58955.45369210001,1201453690515015006,2,1201453690515,20.521734,1,1201,1.8996859,20.009382,19.9884,0.18469302,0.2811,261.4110465,59.4467117,0.85714287,t17_f5_c3,0.9931485,19.6574,0.2597,825120205.0,False,False,False,bulk_1.0.0,0.0,1213364540515015007,,,
182,ztf,58956.323888900224,1202323880515015014,2,1202323880515,20.419085,1,1202,1.9475621,19.8024,19.4725,0.16933104,0.1901,261.4110682,59.4467079,0.85571426,t17_f5_c3,0.9999878,19.2863,0.201,825120205.0,False,False,False,bulk_1.0.0,0.0,1213364540515015007,,,
183,ztf,58962.47486109985,1208474860515015010,2,1208474860515,20.573746,1,1208,1.8757744,20.038813,19.9188,0.19515163,0.2525,261.4110357,59.4467228,0.8585714,t17_f5_c3,0.99229115,19.8351,0.2917,825120205.0,False,False,False,bulk_1.0.0,0.0,1213364540515015007,,,
184,ztf,58964.43174770009,1210431740515015018,2,1210431740515,20.6702,1,1210,1.91095,20.2361,20.4783,0.225543,0.4113,261.4110461,59.4467903,0.692857,t17_f5_c3,,20.5471,0.546,,False,False,False,bulk_1.0.0,0.0,1213364540515015007,,,
185,ztf,58965.44265050022,1211442650515015010,2,1211442650515,20.692057,1,1211,1.8436822,20.244951,20.2561,0.19935495,0.32,261.411014,59.4466846,0.82,t17_f5_c3,0.98077905,20.2861,0.4083,825120205.0,False,False,False,bulk_1.0.0,0.0,1213364540515015007,,,
186,ztf,58967.36454859981,1213364540515015007,2,1213364540515,20.483192,1,1213,2.061236,20.155785,20.3343,0.18772718,0.3792,261.4111277,59.44672,0.87857145,t17_f5_c3,0.99991107,20.2647,0.4454,825120205.0,False,False,False,bulk_1.0.0,0.0,1241284610515015008,,,
187,ztf,58968.425196799915,1214425190515015014,2,1214425190515,20.797312,1,1214,1.9005265,20.251085,20.1793,0.21444184,0.2799,261.4110485,59.4467077,0.7657143,t17_f5_c3,0.99653316,20.2948,0.3855,825120205.0,False,False,False,bulk_1.0.0,0.0,1241284610515015008,,,
188,ztf,58970.38317129994,1216383170515015021,2,1216383170515,20.648,1,1216,2.11852,20.257,20.001,0.226856,0.2611,261.411169,59.446722,0.8,t17_f5_c3,,19.7421,0.2567,,False,False,False,bulk_1.0.0,0.0,1241284610515015008,,,
189,ztf,58978.3014814998,1224301480515015002,2,1224301480515,19.8552,1,1224,2.16327,20.2057,19.9628,0.30927,0.4836,261.4111842,59.446674,0.681429,t17_f5_c3,,20.1881,0.7585,,False,False,False,bulk_1.0.0,0.0,1241284610515015008,,,
190,ztf,58980.3171759001,1226317170515015001,2,1226317170515,20.282,1,1226,2.01433,20.1531,20.0426,0.235663,0.3451,261.4111031,59.4467546,0.834286,t17_f5_c3,,20.3598,0.5825,,False,False,False,bulk_1.0.0,0.0,1241284610515015008,,,
191,ztf,58985.40165509982,1231401650515015013,2,1231401650515,20.695724,1,1231,2.339562,20.1397,19.9358,0.1913457,0.2399,261.4112888,59.4467728,0.7728571,t17_f5_c3,0.9999941,19.8148,0.2676,825120205.0,False,False,False,bulk_1.0.0,0.0,1241284610515015008,,,
192,ztf,58986.305162000004,1232305160515015010,2,1232305160515,20.601805,1,1232,2.0251684,20.255926,20.0874,0.19356753,0.2892,261.4111023,59.4466375,0.86142856,t17_f5_c3,0.9999282,19.9504,0.3187,825120205.0,False,False,False,bulk_1.0.0,0.0,1241284610515015008,,,
193,ztf,58987.34945600014,1233349450515015015,2,1233349450515,20.818071,1,1233,2.2156177,20.331053,19.9413,0.20181666,0.2179,261.4112212,59.4467135,0.7057143,t17_f5_c3,0.997125,19.9213,0.264,825120205.0,False,False,False,bulk_1.0.0,0.0,1241284610515015008,,,
194,ztf,58991.27777779987,1237277770515015010,2,1237277770515,20.633587,1,1237,1.9425946,20.214457,19.9642,0.20417912,0.2601,261.4110734,59.4467207,0.7157143,t17_f5_c3,0.96645254,19.936,0.3161,825120205.0,False,False,False,bulk_1.0.0,0.0,1241284610515015008,,,
195,ztf,58992.301122699864,1238301120515015009,2,1238301120515,20.6979,1,1238,1.93192,20.4767,20.6121,0.261272,0.4334,261.411064,59.4467021,0.747143,t17_f5_c3,,20.3428,0.4201,,False,False,False,bulk_1.0.0,0.0,1241284610515015008,,,
196,ztf,58995.28461810015,1241284610515015008,2,1241284610515,20.650702,1,1241,2.0646236,20.528519,20.8909,0.19159545,0.5955,261.4111398,59.4467143,0.84,t17_f5_c3,0.9987549,20.5882,0.5627,825120205.0,False,False,False,bulk_1.0.0,0.0,1243282020515015013,,,
197,ztf,58996.2800925998,1242280090515015013,2,1242280090515,20.6835,1,1242,1.97801,20.5928,20.6258,0.253676,0.4619,261.4110838,59.4466684,0.71,t17_f5_c3,,20.6493,0.5884,,False,False,False,bulk_1.0.0,0.0,1243282020515015013,,,
198,ztf,58997.2820255002,1243282020515015013,2,1243282020515,20.656507,1,1243,1.8605776,20.391264,20.2628,0.20634994,0.3373,261.4110273,59.4467409,0.7242857,t17_f5_c3,0.99792266,19.8027,0.2757,825120205.0,True,False,False,bulk_1.0.0,0.0,0,,,
