,tid,mjd,candid,fid,pid,diffmaglim,isdiffpos,nid,distnr,magpsf,magpsf_corr,magap,sigmapsf,sigmapsf_corr,sigmapsf_corr_ext,sigmagap,ra,dec,rb,magapbig,sigmagapbig,has_stamp,corrected,dubious,step_id_corr,phase,parent_candid,drb,rfid,rbversion
0,ztf,58249.3589583002,495358953415010001,1,495358953415,20.6324,-1,495,0.664632,19.9898,19.836742,20.0642,0.117991,0.09801901,0.10247689,0.171,258.7074437,26.2382592,0.223333,19.9317,0.1929,False,True,False,bulk_1.0.0,0.0,5.2435787341501e+17,,,
1,ztf,58252.37473380007,498374733415010001,2,498374733415,20.7953,-1,498,0.17331,20.0324,18.6679,20.1739,0.132639,0.031659562,0.03774604,0.236,258.7076407,26.2383902,0.286667,20.268,0.3262,False,True,False,bulk_1.0.0,0.0,5.2435787341501e+17,,,
2,ztf,58252.42300930014,498423003415010001,1,498423003415,20.9379,-1,498,0.085802,20.4527,19.550657,20.4113,0.151416,0.061842784,0.065971226,0.232,258.7075557,26.2384052,0.23,20.9252,0.4732,False,True,False,bulk_1.0.0,0.0,5.2435787341501e+17,,,
3,ztf,58278.27284719981,524272843415010005,2,524272843415,20.558405,-1,524,0.26818812,20.363945,18.589495,20.0907,0.20146231,0.034336817,0.03930194,0.2467,258.7076731,26.2384139,0.68666667,20.1007,0.3167,False,True,False,bulk_1.0.0,0.0,5.2435787341501e+17,0.0,634120234.0,
4,ztf,58278.35787039995,524357873415010002,1,524357873415,20.913696,-1,524,0.18376224,20.562502,19.506083,20.711,0.17423101,0.062049896,0.06585034,0.3176,258.7075942,26.238347,0.74,21.0078,0.5314,False,True,False,bulk_1.0.0,0.0,5.3632452341501e+17,0.0,634120134.0,
5,ztf,58284.292754599825,530292753415010010,2,530292753415,20.700508,-1,530,0.12118938,19.825224,18.734882,19.8185,0.12156841,0.03879819,0.04453325,0.1929,258.7076212,26.2383831,0.8333333,19.8119,0.2441,False,True,False,bulk_1.0.0,0.0,5.3632452341501e+17,0.0,634120234.0,
6,ztf,58284.36197920004,530361973415010006,1,530361973415,20.74336,-1,530,0.19094284,20.110987,19.741457,20.2635,0.12822989,0.08703178,0.09123833,0.238,258.7076249,26.2383658,0.77666664,19.9653,0.2307,False,True,False,bulk_1.0.0,0.0,5.3632452341501e+17,0.0,634120134.0,
7,ztf,58290.211666699965,536211663415010005,1,536211663415,20.2766,-1,536,0.139746,20.2786,19.636215,20.5439,0.292415,0.15990484,0.16182491,0.4706,258.7076092,26.2383633,0.673333,20.5299,0.5949,False,True,False,bulk_1.0.0,0.0,5.3632452341501e+17,,,
8,ztf,58290.32452550018,536324523415010012,2,536324523415,20.353989,-1,536,0.3914083,19.792814,18.747002,20.1565,0.15832463,0.056236964,0.06042595,0.3116,258.7076269,26.2385023,0.76666665,20.3192,0.4619,True,True,False,bulk_1.0.0,0.0,0.0,0.0,634120234.0,
9,ztf,58330.31451389985,576314513415015002,2,576314513415,19.9769,1,576,0.446342,19.8544,18.144213,19.828,0.25194,0.050578877,0.05214611,0.3761,258.7075682,26.2382747,0.59,19.4978,0.3556,False,True,False,bulk_1.0.0,0.0,5.99247883415015e+17,,,t8_f5_c3
10,ztf,58336.2196411998,582219643415015008,2,582219643415,20.661415,1,582,0.4001917,19.752117,18.122236,20.052,0.16369264,0.03429751,0.03648186,0.2327,258.707564,26.2382887,0.7033333,19.7856,0.2308,False,True,False,bulk_1.0.0,0.0,6.08190693415015e+17,0.0,634120234.0,t8_f5_c3
11,ztf,58349.24965280015,595249653415015011,2,595249653415,20.015097,1,595,0.15402035,19.358767,18.021416,19.5848,0.16860875,0.047874384,0.049197145,0.2633,258.7075479,26.2383737,0.74333334,19.4873,0.3078,False,True,False,bulk_1.0.0,0.0,6.23149523415015e+17,0.0,634120234.0,t8_f5_c3
12,ztf,58353.19245370012,599192453415015007,2,599192453415,20.054937,1,599,0.22116034,19.303053,18.004862,19.3068,0.1543041,0.04532305,0.046676815,0.208,258.7075437,26.2383513,0.69666666,19.1387,0.2277,False,True,False,bulk_1.0.0,0.0,6.23149523415015e+17,0.0,634120234.0,t8_f5_c3
13,ztf,58353.24788190005,599247883415015004,2,599247883415,20.03589,1,599,0.25591943,19.3562,18.020666,19.1757,0.16628624,0.047263194,0.048600767,0.1948,258.7075386,26.2383416,0.6933333,19.0856,0.2294,False,True,False,bulk_1.0.0,0.0,6.23149523415015e+17,0.0,634120234.0,t8_f5_c3
14,ztf,58356.2125694002,602212563415015001,2,602212563415,19.86378,1,602,0.3517991,19.0895,17.93572,19.1492,0.11345604,0.037778284,0.03920269,0.2156,258.7075577,26.2383063,0.86,19.2086,0.2915,False,True,False,bulk_1.0.0,0.0,6.23149523415015e+17,0.0,634120234.0,t8_f5_c3
15,ztf,58359.21287039993,605212873415015003,2,605212873415,19.964045,1,605,0.1567426,19.207659,17.975111,19.1757,0.15156433,0.0474797,0.048705503,0.2048,258.7075752,26.2383575,0.73333335,19.0392,0.2309,False,True,False,bulk_1.0.0,0.0,6.23149523415015e+17,0.0,634120234.0,t8_f5_c3
16,ztf,58362.152951399796,608152953415015003,2,608152953415,20.680292,1,608,0.21697377,18.950806,17.885769,18.9969,0.09261208,0.033254657,0.034725852,0.0882,258.7075941,26.2383396,0.89666665,18.9068,0.1022,False,True,False,bulk_1.0.0,0.0,6.23149523415015e+17,0.0,634120234.0,t8_f5_c3
17,ztf,58362.19069440011,608190693415015020,1,608190693415,20.393476,1,608,0.25816163,19.871607,18.704628,20.3303,0.21084177,0.0711965,0.0719722,0.3463,258.7075464,26.238331,0.63666666,20.3232,0.4388,False,True,False,bulk_1.0.0,0.0,6.23149523415015e+17,0.0,634120134.0,t8_f5_c3
18,ztf,58365.15168979997,611151683415015016,2,611151683415,20.820465,1,611,0.24267562,18.816133,17.833296,18.8838,0.08646394,0.03364709,0.03497034,0.0753,258.7075754,26.2383312,0.8433333,18.8208,0.0888,False,True,False,bulk_1.0.0,0.0,6.23149523415015e+17,0.0,634120234.0,t8_f5_c3
19,ztf,58365.21333329985,611213333415015057,1,611213333415,20.786497,1,611,0.17891881,19.442122,18.53822,19.5444,0.15286739,0.065872096,0.066489615,0.1221,258.7076096,26.2383552,0.6533333,19.5445,0.1539,False,True,False,bulk_1.0.0,0.0,6.23149523415015e+17,0.0,634120134.0,t8_f5_c3
20,ztf,58368.1488541998,614148853415015008,2,614148853415,20.752804,1,614,0.25452223,19.023682,17.912525,18.9798,0.12513399,0.04378514,0.04496892,0.0856,258.7075615,26.2383305,0.72333336,18.8696,0.0971,False,True,False,bulk_1.0.0,0.0,6.23149523415015e+17,0.0,634120234.0,t8_f5_c3
21,ztf,58368.19164349977,614191643415015026,1,614191643415,20.717974,1,614,0.096581474,19.681652,18.635983,19.6796,0.14824656,0.055715613,0.05658705,0.1402,258.7075778,26.2383669,0.7266667,19.7124,0.1826,False,True,False,bulk_1.0.0,0.0,6.23149523415015e+17,0.0,634120134.0,t8_f5_c3
22,ztf,58371.13363429997,617133633415015011,2,617133633415,20.618193,1,617,0.20193705,19.38199,18.028141,19.6084,0.15293962,0.042447496,0.043952167,0.1676,258.7075713,26.2383454,0.67333335,19.5139,0.1947,False,True,False,bulk_1.0.0,0.0,6.23149523415015e+17,0.0,634120234.0,t8_f5_c3
23,ztf,58371.205891199876,617205893415015025,1,617205893415,20.698753,1,617,0.092913896,20.036127,18.758032,20.0023,0.18660787,0.05642762,0.057503153,0.1935,258.7075527,26.2383961,0.71666664,20.0194,0.2495,False,True,False,bulk_1.0.0,0.0,6.23149523415015e+17,0.0,634120134.0,t8_f5_c3
24,ztf,58374.12844910007,620128443415015008,2,620128443415,20.495644,1,620,0.2873131,19.334677,18.014332,19.4328,0.15587623,0.04480738,0.046199985,0.1595,258.7075974,26.2383206,0.72,19.4137,0.1992,False,True,False,bulk_1.0.0,0.0,6.23149523415015e+17,0.0,634120234.0,t8_f5_c3
25,ztf,58374.19194439985,620191943415015031,1,620191943415,20.5954,1,620,0.07438984,19.911665,18.718136,20.1988,0.20205879,0.06645675,0.0673079,0.2464,258.7075741,26.238417,0.75666666,19.9686,0.2537,False,True,False,bulk_1.0.0,0.0,6.23149523415015e+17,0.0,634120134.0,t8_f5_c3
26,ztf,58377.1495254999,623149523415015000,2,623149523415,20.363712,1,623,0.23169881,19.321707,18.010471,19.3498,0.10691243,0.02992089,0.031954642,0.1661,258.7075531,26.2383411,0.8233333,19.3411,0.2097,False,True,False,bulk_1.0.0,0.0,6.23206093415015e+17,0.0,634120234.0,t8_f5_c3
27,ztf,58377.20609949995,623206093415015019,1,623206093415,20.262753,1,623,0.16315506,19.707436,18.645752,19.8397,0.18571061,0.06913261,0.06984955,0.2582,258.7076171,26.2383601,0.74333334,20.0771,0.41,True,True,False,bulk_1.0.0,0.0,0.0,0.0,634120134.0,t8_f5_c3
28,ztf,58511.5048727002,757504873415010024,1,757504873415,19.4815,-1,757,0.166539,19.7841,20.053753,20.1074,0.28946,0.36926404,0.37106463,0.5719,258.7075619,26.2383518,0.591429,19.9184,0.6169,False,True,False,bulk_1.0.0,0.0,7.7252725341501e+17,,,t15_f5_c3
29,ztf,58511.54601849988,757546013415010007,2,757546013415,19.4383,-1,757,0.161611,19.6188,18.821535,20.0335,0.276921,0.13075058,0.13287714,0.7335,258.7075595,26.2384368,0.624286,19.7446,0.7216,False,True,False,bulk_1.0.0,0.0,7.7252725341501e+17,,,t15_f5_c3
30,ztf,58526.52725689998,772527253415010008,2,772527253415,19.9777,-1,772,0.16333485,19.913134,18.704382,20.1405,0.19709605,0.061151877,0.06474064,0.384,258.7076198,26.238363,0.8157143,20.4144,0.6321,True,True,False,bulk_1.0.0,0.0,0.0,0.0,634120234.0,t15_f5_c3
31,ztf,58567.52348379977,813523483415010003,2,813523483415,19.5544,-1,813,0.506531,19.7497,18.763918,19.8371,0.284735,0.11263293,0.114849225,0.3874,258.7074535,26.2384773,0.662857,19.8826,0.5179,False,True,False,bulk_1.0.0,0.0,8.3245753341501e+17,,,t15_f5_c3
32,ztf,58572.48412040016,818484123415010013,1,818484123415,20.6385,-1,818,0.180368,20.081,19.76331,20.3019,0.273991,0.20256649,0.20448445,0.2689,258.7076168,26.2384339,0.741429,20.3103,0.3467,False,True,False,bulk_1.0.0,0.0,8.3245753341501e+17,,,t15_f5_c3
33,ztf,58580.441701400094,826441703415010011,1,826441703415,20.1539,-1,826,0.267319,20.3249,19.611416,20.591,0.367614,0.18899062,0.19054559,0.5339,258.7076022,26.2384686,0.585714,20.3646,0.5553,False,True,False,bulk_1.0.0,0.0,8.5435913341501e+17,,,t15_f5_c3
34,ztf,58583.400300899986,829400303415010012,1,829400303415,20.2766,-1,829,0.083226,20.1909,19.687977,20.3935,0.240454,0.14904578,0.15130827,0.3107,258.7075886,26.2383744,0.658571,20.4685,0.4256,False,True,False,bulk_1.0.0,0.0,8.5435913341501e+17,,,t15_f5_c3
35,ztf,58586.45753470017,832457533415010017,1,832457533415,20.75653,-1,832,0.17213584,20.070059,19.771547,19.8747,0.17301331,0.12837303,0.13142402,0.1604,258.7076019,26.2383498,0.7442857,19.9465,0.2184,False,True,False,bulk_1.0.0,0.0,8.5435913341501e+17,0.0,634120134.0,t15_f5_c3
36,ztf,58596.416840299964,842416843415010016,2,842416843415,19.9188,-1,842,0.158806,19.7681,18.756584,19.5832,0.225255,0.085880816,0.088729456,0.2797,258.7075417,26.2384129,0.828571,20.103,0.5781,False,True,False,bulk_1.0.0,0.0,8.5435913341501e+17,,,t15_f5_c3
37,ztf,58596.481805600226,842481803415010004,1,842481803415,19.8698,-1,842,0.155737,20.217,19.671871,20.408,0.274961,0.16443159,0.16642545,0.5961,258.7076124,26.2383624,0.7,20.1648,0.6118,False,True,False,bulk_1.0.0,0.0,8.5435913341501e+17,,,t15_f5_c3
38,ztf,58600.3997105998,846399713415010014,1,846399713415,20.827848,-1,846,0.07845896,20.078709,19.765022,19.9999,0.21596909,0.15933816,0.16177708,0.1752,258.7075843,26.238417,0.76714283,20.1023,0.2453,False,True,False,bulk_1.0.0,0.0,8.5435913341501e+17,0.0,634120134.0,t15_f5_c3
39,ztf,58605.40042820014,851400423415010026,2,851400423415,20.6798,-1,851,0.109806,20.135,18.640392,20.3626,0.224852,0.053106453,0.056761414,0.3212,258.7075967,26.2384273,0.805714,20.3418,0.4006,False,True,False,bulk_1.0.0,0.0,8.5435913341501e+17,,,t15_f5_c3
40,ztf,58608.35913190013,854359133415010023,2,854359133415,20.296055,-1,854,0.04843061,19.875923,18.716888,19.9134,0.1815168,0.05859649,0.06241696,0.2825,258.7075895,26.2384117,0.87714285,20.144,0.4455,False,True,False,bulk_1.0.0,0.0,8.8428920341501e+17,0.0,634120234.0,t15_f5_c3
41,ztf,58608.40317129996,854403173415010012,1,854403173415,20.7791,-1,854,0.167745,20.3368,19.605299,20.1838,0.287398,0.14451042,0.14651556,0.2043,258.7075484,26.2383596,0.74,20.2451,0.2753,False,True,False,bulk_1.0.0,0.0,8.8428920341501e+17,,,t15_f5_c3
42,ztf,58616.45565970009,862455653415010016,1,862455653415,20.8825,-1,862,0.030439,20.8612,19.41162,21.1519,0.347554,0.089190245,0.09145133,0.4766,258.7075836,26.2384025,0.745714,20.9209,0.4905,False,True,False,bulk_1.0.0,0.0,8.8428920341501e+17,,,t15_f5_c3
43,ztf,58632.30057869991,878300573415010021,2,878300573415,20.5846,-1,878,0.177005,20.1657,18.632776,20.6433,0.223148,0.05060631,0.054378007,0.4272,258.7076425,26.2384003,0.914286,20.7066,0.576,False,True,False,bulk_1.0.0,0.0,9.0334285341501e+17,,,t17_f5_c3
44,ztf,58632.336655099876,878336653415010016,1,878336653415,20.7281,-1,878,0.03956,20.3674,19.590025,20.5581,0.227533,0.10861639,0.11119749,0.3152,258.7075727,26.2384001,0.97,20.7268,0.4701,False,True,False,bulk_1.0.0,0.0,9.0334285341501e+17,,,t17_f5_c3
45,ztf,58635.42006940022,881420063415010013,1,881420063415,20.829695,-1,881,0.12892193,20.379948,19.583946,20.377,0.20414545,0.09516722,0.0980706,0.2385,258.7076247,26.2383974,0.97,20.6678,0.3965,False,True,False,bulk_1.0.0,0.0,9.0334285341501e+17,0.0,634120134.0,t17_f5_c3
46,ztf,58638.28920139978,884289203415010019,2,884289203415,20.758842,-1,884,0.12558392,19.859112,18.722729,19.6735,0.19206241,0.063876696,0.06743561,0.1581,258.7075473,26.2383949,0.93142855,19.9041,0.248,False,True,False,bulk_1.0.0,0.0,9.0334285341501e+17,0.0,634120234.0,t17_f5_c3
47,ztf,58638.35170139978,884351703415010012,1,884351703415,20.8093,-1,884,0.237048,20.254,19.650072,19.9767,0.232193,0.13072902,0.13313076,0.164,258.7075271,26.2383524,0.931429,19.8425,0.1844,False,True,False,bulk_1.0.0,0.0,9.0334285341501e+17,,,t17_f5_c3
48,ztf,58641.21215280006,887212153415010006,1,887212153415,20.4797,-1,887,0.167527,20.0147,19.815569,20.0581,0.232135,0.19099903,0.1932362,0.2489,258.7076263,26.2384204,0.95,19.9442,0.2867,False,True,False,bulk_1.0.0,0.0,9.0334285341501e+17,,,t17_f5_c3
49,ztf,58641.33359949989,887333593415010021,2,887333593415,20.948172,-1,887,0.051466573,19.657036,18.803656,19.8135,0.14048453,0.05962684,0.06401418,0.1567,258.7075772,26.2384144,0.8814286,19.9254,0.2195,False,True,False,bulk_1.0.0,0.0,9.0334285341501e+17,0.0,634120234.0,t17_f5_c3
50,ztf,58644.297395799775,890297393415010020,2,890297393415,20.555344,-1,890,0.16088659,19.459398,18.907215,19.4138,0.131376,0.07473274,0.07900284,0.1519,258.7075552,26.2383623,0.97,19.555,0.2204,False,True,False,bulk_1.0.0,0.0,9.1822906341501e+17,0.0,634120234.0,t17_f5_c3
51,ztf,58644.341330999974,890341333415010007,1,890341333415,20.6225,-1,890,0.082168,19.8992,19.922071,19.8467,0.241578,0.24459209,0.24672091,0.1814,258.7075538,26.2383941,0.947143,19.7255,0.2073,False,True,False,bulk_1.0.0,0.0,9.1822906341501e+17,,,t17_f5_c3
52,ztf,58647.274131900165,893274133415010011,2,893274133415,20.130957,-1,893,0.053325396,19.343588,18.983313,19.2824,0.114911966,0.07774816,0.082462266,0.1885,258.7075882,26.238385,0.97571427,19.1197,0.2077,False,True,False,bulk_1.0.0,0.0,9.1822906341501e+17,0.0,634120234.0,t17_f5_c3
53,ztf,58647.36956019979,893369563415010005,1,893369563415,20.0158,-1,893,0.161894,19.7817,20.056835,19.963,0.221563,0.2831062,0.28546408,0.3502,258.7075455,26.2383631,0.947143,19.5893,0.3188,False,True,False,bulk_1.0.0,0.0,9.1822906341501e+17,,,t17_f5_c3
54,ztf,58657.237372700125,903237373415010011,1,903237373415,20.6732,-1,903,0.119894,20.2361,19.660471,20.3098,0.252834,0.1466068,0.14879358,0.2553,258.7075505,26.2384115,0.948571,20.2555,0.3099,False,True,False,bulk_1.0.0,0.0,9.1822906341501e+17,,,t17_f5_c3
55,ztf,58657.3428588002,903342853415010015,2,903342853415,20.407442,-1,903,0.13688199,19.782719,18.75088,20.0506,0.18738276,0.068961784,0.0724426,0.2925,258.7076282,26.2384065,0.95285714,20.2841,0.463,False,True,False,bulk_1.0.0,0.0,9.1822906341501e+17,0.9999989,634120234.0,t17_f5_c3
56,ztf,58660.20342590008,906203423415010012,1,906203423415,20.809649,-1,906,0.14590326,20.21907,19.670618,20.2486,0.18856196,0.11085203,0.11378197,0.2188,258.7075452,26.2384186,0.95,20.1656,0.2583,False,True,False,bulk_1.0.0,0.0,9.1822906341501e+17,0.99999976,634120134.0,t17_f5_c3
57,ztf,58666.212800899986,912212803415010011,1,912212803415,20.7204,-1,912,0.091644,20.2946,19.627462,20.0674,0.221503,0.1172546,0.11981864,0.2081,258.7075753,26.2383716,0.844286,20.149,0.2863,False,True,False,bulk_1.0.0,0.0,9.1822906341501e+17,,,t17_f5_c3
58,ztf,58672.229062499944,918229063415010016,2,918229063415,20.606604,-1,918,0.13217452,19.769085,18.756197,19.6847,0.16787216,0.062165607,0.06604248,0.1822,258.7075996,26.238437,0.93714285,19.4911,0.1942,False,True,False,bulk_1.0.0,0.0,9.3017289341501e+17,0.9999983,634120234.0,t17_f5_c3
59,ztf,58672.30128470017,918301283415010013,1,918301283415,20.846388,-1,918,0.08953724,20.005993,19.822872,19.8633,0.19691518,0.16371338,0.16635296,0.15,258.7075696,26.2383705,0.9242857,19.7652,0.1745,False,True,False,bulk_1.0.0,0.0,9.3017289341501e+17,0.9999939,634120134.0,t17_f5_c3
60,ztf,58675.29716440011,921297163415010002,1,921297163415,20.1272,-1,921,0.205358,20.2282,19.665146,20.3811,0.299988,0.17676675,0.17860024,0.4831,258.7075911,26.2384509,0.811429,20.7641,0.8812,False,True,False,bulk_1.0.0,0.0,9.3017289341501e+17,,,t17_f5_c3
61,ztf,58678.21329860017,924213293415010004,2,924213293415,20.111034,-1,924,0.08525534,19.601757,18.82981,19.2293,0.1952539,0.09288516,0.09590037,0.2071,258.7075703,26.2384161,0.82714283,19.3686,0.3017,False,True,False,bulk_1.0.0,0.0,9.3017289341501e+17,0.9999994,634120234.0,t17_f5_c3
62,ztf,58684.172893499956,930172893415010005,2,930172893415,20.552385,-1,930,0.0525074,19.70761,18.78137,19.8506,0.18815222,0.07685464,0.080170274,0.2369,258.7075715,26.2384037,0.6957143,19.7341,0.2715,False,True,False,bulk_1.0.0,0.0,9.6014574341501e+17,0.9999751,634120234.0,t17_f5_c3
63,ztf,58684.21208330011,930212083415010008,1,930212083415,20.5831,-1,930,0.057472,20.0073,19.821768,20.2735,0.233368,0.19448858,0.19671117,0.284,258.7075787,26.2384102,0.895714,20.1289,0.3179,False,True,False,bulk_1.0.0,0.0,9.6014574341501e+17,,,t17_f5_c3
64,ztf,58691.19113430008,937191133415010021,2,937191133415,20.634033,-1,937,0.09541969,19.526838,18.86859,19.5255,0.14274773,0.073821045,0.07785196,0.149,258.7076179,26.2384042,0.83,19.5533,0.1943,False,True,False,bulk_1.0.0,0.0,9.6014574341501e+17,0.9999995,634120234.0,t17_f5_c3
65,ztf,58691.2275231001,937227523415010006,1,937227523415,20.764664,-1,937,0.03969017,20.004042,19.824522,19.8538,0.18179663,0.15122908,0.15409128,0.163,258.7075963,26.2383904,0.9185714,19.8883,0.2145,False,True,False,bulk_1.0.0,0.0,9.6014574341501e+17,0.9999993,634120134.0,t17_f5_c3
66,ztf,58694.208726900164,940208723415010008,2,940208723415,20.565804,-1,940,0.040814646,19.461065,18.906214,19.2488,0.1459563,0.08372972,0.08755525,0.1348,258.7075797,26.2384106,0.7614286,19.3946,0.1964,False,True,False,bulk_1.0.0,0.0,9.6014574341501e+17,0.99999917,634120234.0,t17_f5_c3
67,ztf,58694.227812500205,940227813415010014,1,940227813415,20.753103,-1,940,0.06019523,19.859463,19.964214,19.9226,0.17781886,0.19292212,0.19582973,0.1767,258.7076013,26.2383966,0.89428574,20.002,0.2422,False,True,False,bulk_1.0.0,0.0,9.6014574341501e+17,0.9999999,634120134.0,t17_f5_c3
68,ztf,58697.168032399844,943168033415010012,2,943168033415,20.656544,-1,943,0.08240721,19.388536,18.952168,19.4792,0.12172983,0.07693948,0.08144214,0.1498,258.7075683,26.2383879,0.8971428,19.7258,0.2392,False,True,False,bulk_1.0.0,0.0,9.6014574341501e+17,0.99999976,634120234.0,t17_f5_c3
69,ztf,58697.206967600156,943206963415010009,1,943206963415,20.702915,-1,943,0.04775404,19.727797,20.13048,19.62,0.16724187,0.23914751,0.24233642,0.1421,258.7075706,26.2383891,0.79142857,19.6947,0.1943,False,True,False,bulk_1.0.0,0.0,9.6014574341501e+17,1.0,634120134.0,t17_f5_c3
70,ztf,58700.174016200006,946174013415010013,2,946174013415,20.642149,-1,946,0.031276368,19.18121,19.116892,19.2007,0.09414905,0.08311282,0.088733815,0.117,258.7075768,26.2383987,0.95714283,19.3348,0.1684,False,True,False,bulk_1.0.0,0.0,9.6014574341501e+17,1.0,634120234.0,t17_f5_c3
71,ztf,58705.25407409994,951254073415010003,1,951254073415,19.9488,-1,951,0.169875,19.6591,20.238434,19.4356,0.21878,0.37050855,0.37302786,0.2468,258.7076284,26.2384168,0.898571,19.3773,0.3004,False,True,False,bulk_1.0.0,0.0,9.6014574341501e+17,,,t17_f5_c3
72,ztf,58708.17195599992,954171953415010002,1,954171953415,19.857523,-1,954,0.052418057,19.45199,20.720163,19.2983,0.17992705,0.5746379,0.578583,0.2388,258.707593,26.2383905,0.9042857,19.3161,0.3116,False,True,False,bulk_1.0.0,0.0,9.8313038341501e+17,0.99998164,634120134.0,t17_f5_c3
73,ztf,58711.24021989992,957240213415010000,1,957240213415,19.7369,-1,957,0.215299,19.6611,20.235031,19.4721,0.219693,0.37021932,0.3727249,0.3113,258.7076075,26.2383411,0.822857,19.5609,0.4339,False,True,False,bulk_1.0.0,0.0,9.8313038341501e+17,,,t17_f5_c3
74,ztf,58711.284317099955,957284313415010007,2,957284313415,19.653065,-1,957,0.042243257,19.064516,19.239693,19.1657,0.13758416,0.15788344,0.16167349,0.2442,258.7075879,26.2383881,0.98142856,19.1028,0.2957,False,True,False,bulk_1.0.0,0.0,9.8313038341501e+17,0.9999995,634120234.0,t17_f5_c3
75,ztf,58714.145740699954,960145743415010003,2,960145743415,20.29909,-1,960,0.05099504,18.977724,19.351425,18.8734,0.13253456,0.18296412,0.18698606,0.1236,258.707601,26.2384062,0.68,18.861,0.1561,False,True,False,bulk_1.0.0,0.0,9.8313038341501e+17,0.99964035,634120234.0,t17_f5_c3
76,ztf,58718.17532410007,964175323415010008,1,964175323415,20.662775,-1,964,0.086738005,19.51635,20.535797,19.5859,0.18386614,0.46674058,0.4701981,0.1394,258.7075858,26.2383724,0.8642857,19.6321,0.1856,False,True,False,bulk_1.0.0,0.0,9.8313038341501e+17,0.9999999,634120134.0,t17_f5_c3
77,ztf,58724.16432869993,970164323415010007,2,970164323415,20.68368,-1,970,0.03130978,18.948158,19.394556,18.9851,0.10513806,0.15344323,0.15860575,0.0947,258.7075815,26.2383944,0.8585714,19.0805,0.1316,False,True,False,bulk_1.0.0,0.0,9.8313038341501e+17,1.0,634120234.0,t17_f5_c3
78,ztf,58724.184652800206,970184653415010007,1,970184653415,20.653242,-1,970,0.030465147,19.451277,20.72246,19.422,0.16144934,0.5161999,0.5206066,0.1253,258.7075829,26.2384039,0.79142857,19.4292,0.161,False,True,False,bulk_1.0.0,0.0,9.8313038341501e+17,1.0,634120134.0,t17_f5_c3
79,ztf,58727.15107640019,973151073415010007,1,973151073415,20.559277,-1,973,0.0904944,19.41267,20.857218,19.4206,0.13401687,0.50115657,0.5069655,0.1288,258.7076081,26.2383847,0.95,19.6241,0.1986,False,True,False,bulk_1.0.0,0.0,9.8313038341501e+17,1.0,634120134.0,t17_f5_c3
80,ztf,58734.144594899844,980144593415010005,2,980144593415,20.064354,-1,980,0.07961096,18.896181,19.477999,18.9301,0.10814439,0.179658,0.18481238,0.1402,258.707586,26.2383757,0.96428573,18.8953,0.1737,False,True,False,bulk_1.0.0,0.0,9.8313038341501e+17,1.0,634120234.0,t17_f5_c3
81,ztf,58734.18621530011,980186213415010002,1,980186213415,19.758242,-1,980,0.04249203,19.414429,20.850592,19.4441,0.19607458,0.7320734,0.736014,0.2475,258.7075767,26.2383864,0.96,19.5234,0.3418,False,True,False,bulk_1.0.0,0.0,9.8313038341501e+17,0.9999999,634120134.0,t17_f5_c3
82,ztf,58737.130381899886,983130383415010003,1,983130383415,19.819841,-1,983,0.2949596,19.362434,21.071545,19.2506,0.17509688,0.8399709,0.84512854,0.2235,258.7076009,26.2383161,0.9442857,19.4198,0.3355,False,True,False,bulk_1.0.0,0.0,9.8318682341501e+17,0.99999905,634120134.0,t17_f5_c3
83,ztf,58737.186828699894,983186823415010007,2,983186823415,19.64355,-1,983,0.1474184,18.90401,19.464748,18.7865,0.121567056,0.19920652,0.20375611,0.1615,258.7076258,26.2383785,0.97571427,18.9932,0.2507,False,True,False,bulk_1.0.0,0.0,1.00712001341501e+18,1.0,634120234.0,t17_f5_c3
84,ztf,58740.12159720017,986121593415010006,1,986121593415,19.4908,-1,986,0.23216,19.405,20.88673,19.1797,0.282489,1.1030433,1.1058426,0.2713,258.7076358,26.2383437,0.894286,18.8667,0.2613,False,True,False,bulk_1.0.0,0.0,1.00712001341501e+18,,,t17_f5_c3
85,ztf,58740.26307869982,986263073415010010,2,986263073415,19.054335,-1,986,0.13587141,19.001257,19.319067,18.9426,0.21015388,0.27911875,0.2816187,0.3182,258.7075482,26.2383857,0.8385714,18.8696,0.3824,False,True,False,bulk_1.0.0,0.0,1.00712001341501e+18,0.99999976,634120234.0,t17_f5_c3
86,ztf,58743.12045140006,989120453415010003,1,989120453415,20.200003,-1,989,0.16908966,19.367008,21.049736,18.9973,0.14994498,0.70042026,0.70635504,0.1276,258.7076331,26.2383809,0.8471429,18.8896,0.1481,False,True,False,bulk_1.0.0,0.0,1.00712001341501e+18,0.9999955,634120134.0,t17_f5_c3
87,ztf,58747.13054399984,993130543415010005,1,993130543415,20.47857,-1,993,0.07795272,19.394384,20.929317,19.4024,0.13900429,0.5655988,0.57148045,0.142,258.7076028,26.2383937,0.93857145,19.3682,0.1761,False,True,False,bulk_1.0.0,0.0,1.00712001341501e+18,1.0,634120134.0,t17_f5_c3
88,ztf,58750.13596059987,996135963415010007,1,996135963415,20.133833,-1,996,0.20761578,19.31801,21.315971,19.2994,0.20115414,1.2614219,1.2668145,0.1467,258.7075877,26.2383345,0.9142857,19.2652,0.182,False,True,False,bulk_1.0.0,0.0,1.00712001341501e+18,0.9999956,634120134.0,t17_f5_c3
89,ztf,58758.128946799785,1004128943415010005,1,1004128943415,20.279047,-1,1004,0.13859478,19.598146,20.35097,19.4906,0.19544047,0.38801163,0.39097023,0.173,258.7075809,26.2383554,0.9657143,19.3431,0.1935,False,True,False,bulk_1.0.0,0.0,1.00712001341501e+18,0.99999976,634120134.0,t17_f5_c3
90,ztf,58761.1200116002,1007120013415010010,2,1007120013415,20.205956,-1,1007,0.05945227,18.96812,19.36512,19.2358,0.12460873,0.17531806,0.17961724,0.1804,258.7076011,26.2384079,0.9,19.4424,0.2793,False,True,False,bulk_1.0.0,0.0,1.02110260341501e+18,0.9999999,634120234.0,t17_f5_c3
91,ztf,58764.19997690013,1010199973415010001,1,1010199973415,19.3019,-1,1010,0.656075,19.4325,20.785316,18.8714,0.259785,0.9002645,0.903109,0.24,258.7077426,26.2385122,0.502857,18.9165,0.3214,False,True,False,bulk_1.0.0,0.0,1.02110260341501e+18,,,t17_f5_c3
92,ztf,58775.10260420013,1021102603415010009,2,1021102603415,20.25032,-1,1021,0.08697273,19.09414,19.205885,18.9304,0.116825566,0.12501855,0.12948997,0.1327,258.7076058,26.2384159,0.93714285,18.9293,0.1697,False,True,False,bulk_1.0.0,0.0,1.02111215341501e+18,0.99999964,634120234.0,t17_f5_c3
93,ztf,58775.112152799964,1021112153415010006,1,1021112153415,20.288069,-1,1021,0.08660802,19.585863,20.375967,19.2217,0.18291788,0.3755022,0.378702,0.1441,258.707556,26.238398,0.87142855,19.2721,0.1933,True,True,False,bulk_1.0.0,0.0,0.0,0.9999979,634120134.0,t17_f5_c3
94,ztf,58873.53505790001,1119535053415015007,2,1119535053415,20.4594,1,1119,0.418529,19.7579,18.123524,20.1631,0.220192,0.0472588,0.048870932,0.3163,258.7076444,26.2382923,0.89,20.0513,0.3632,False,True,False,bulk_1.0.0,0.0,1.144523763415015e+18,,,t17_f5_c3
95,ztf,58876.53627309995,1122536273415025014,1,1122536273415,20.5599,1,1122,1.26665,20.3528,18.846153,20.1788,0.25744,0.06314005,0.064271286,0.2645,258.7079776,26.2383424,0.661429,20.5014,0.4528,False,True,False,bulk_1.0.0,0.0,1.150524223415015e+18,,,t17_f5_c3
96,ztf,58898.52376159979,1144523763415015014,2,1144523763415,20.68313,1,1144,0.6598847,19.865103,18.14642,19.7913,0.1641104,0.03121236,0.03370254,0.1914,258.7077689,26.2383153,0.7942857,19.6873,0.2204,False,True,False,bulk_1.0.0,0.0,1.160535983415015e+18,0.99993944,634120234.0,t17_f5_c3
97,ztf,58904.52422450017,1150524223415015006,2,1150524223415,20.44028,1,1150,0.39157435,19.335575,18.014597,19.1447,0.1254843,0.035423815,0.037170507,0.1183,258.7076638,26.2383135,0.93285716,19.0194,0.1337,False,True,False,bulk_1.0.0,0.0,1.160535983415015e+18,0.99999976,634120234.0,t17_f5_c3
98,ztf,58904.552546299994,1150552543415015012,1,1150552543415,20.1031,1,1150,0.567761,20.0283,18.755613,19.887,0.253384,0.07768899,0.07847019,0.2392,258.7077117,26.238285,0.605714,19.8155,0.286,False,True,False,bulk_1.0.0,0.0,1.160535983415015e+18,,,t17_f5_c3
99,ztf,58908.51386569999,1154513863415015011,2,1154513863415,20.564356,1,1154,0.30783924,19.008312,17.906977,18.9116,0.10653589,0.037263025,0.038633276,0.0939,258.7076189,26.2383156,0.87285715,18.8036,0.1075,False,True,False,bulk_1.0.0,0.0,1.160535983415015e+18,0.9999999,634120234.0,t17_f5_c3
100,ztf,58911.50379629992,1157503793415015009,2,1157503793415,20.051243,1,1157,0.5772994,19.037863,17.917599,19.097,0.136116,0.04740117,0.048506938,0.1213,258.7076784,26.2382568,0.88,19.033,0.1451,False,True,False,bulk_1.0.0,0.0,1.160535983415015e+18,0.9999569,634120234.0,t17_f5_c3
101,ztf,58911.5374305998,1157537433415015010,1,1157537433415,20.42348,1,1157,0.5004041,19.622135,18.612879,19.3068,0.18638927,0.072932795,0.073572956,0.1155,258.707711,26.2383111,0.75285715,19.3622,0.1541,False,True,False,bulk_1.0.0,0.0,1.160535983415015e+18,0.99981093,634120134.0,t17_f5_c3
102,ztf,58914.46405090019,1160464053415015008,1,1160464053415,20.0938,1,1160,0.228916,19.9431,18.728506,20.1891,0.246093,0.0796761,0.08040106,0.4401,258.7075799,26.2383303,0.875714,20.2217,0.5813,False,True,False,bulk_1.0.0,0.0,1.160535983415015e+18,,,t17_f5_c3
103,ztf,58914.53598379996,1160535983415015022,2,1160535983415,20.840553,1,1160,0.5469949,19.656603,18.10021,19.4907,0.20668972,0.047760632,0.04929034,0.1313,258.7076961,26.2382793,0.70857143,19.4728,0.1627,True,True,False,bulk_1.0.0,0.0,0.0,0.9999989,634120234.0,t17_f5_c3
104,ztf,58936.49843750009,1182498433415015055,1,1182498433415,20.7132,1,1182,1.22053,20.7164,18.926168,20.5895,0.23981,0.044259585,0.04610784,0.3205,258.7079597,26.2383399,0.582857,20.6639,0.4365,False,True,False,bulk_1.0.0,0.0,1.210422733415015e+18,,,t17_f5_c3
105,ztf,58956.485451399814,1202485453415015007,2,1202485453415,19.7929,1,1202,0.36283,19.5327,18.069353,19.1851,0.244767,0.06248124,0.06359372,0.2524,258.707648,26.238316,0.845714,19.2485,0.342,False,True,False,bulk_1.0.0,0.0,1.213383093415015e+18,,,t17_f5_c3
106,ztf,58961.45796300005,1207457963415015012,2,1207457963415,20.3839,1,1207,0.651035,20.2202,18.210472,20.3654,0.260851,0.038690053,0.040973328,0.3558,258.707779,26.2383438,0.878571,20.259,0.4104,False,True,False,bulk_1.0.0,0.0,1.213383093415015e+18,,,t17_f5_c3
107,ztf,58964.38245370006,1210382453415015013,1,1210382453415,20.7115,1,1210,0.636576,20.6212,18.907206,20.5477,0.288411,0.05811435,0.059485845,0.3178,258.7076973,26.2382463,0.882857,20.8802,0.5489,False,True,False,bulk_1.0.0,0.0,1.213383093415015e+18,,,t17_f5_c3
108,ztf,58964.42273150012,1210422733415015005,2,1210422733415,20.767626,1,1210,0.139631,19.828508,18.138803,19.4785,0.1519756,0.029463626,0.03205469,0.1371,258.7075849,26.2383611,0.85714287,19.3368,0.1521,False,True,False,bulk_1.0.0,0.0,1.213383093415015e+18,0.9999999,634120234.0,t17_f5_c3
109,ztf,58967.38309030002,1213383093415015019,2,1213383093415,20.756952,1,1213,0.37361708,19.304062,18.005167,19.1476,0.12230866,0.035248816,0.03697425,0.1017,258.7076733,26.2383241,0.8814286,19.0925,0.1218,False,True,False,bulk_1.0.0,0.0,1.241275103415015e+18,1.0,634120234.0,t17_f5_c3
110,ztf,58970.41430559987,1216414303415015023,2,1216414303415,20.79761,1,1216,0.9311311,20.13241,18.196203,20.0832,0.17852594,0.026892906,0.030006723,0.2166,258.7078505,26.2382824,0.8357143,19.952,0.2424,False,True,False,bulk_1.0.0,0.0,1.241275103415015e+18,0.9999949,634120234.0,t17_f5_c3
111,ztf,58980.314351900015,1226314353415015006,2,1226314353415,20.1702,1,1226,0.430058,20.1512,18.199339,19.5969,0.236447,0.036828544,0.039173245,0.2432,258.7075618,26.2382795,0.745714,19.3926,0.2574,False,True,False,bulk_1.0.0,0.0,1.241275103415015e+18,,,t17_f5_c3
112,ztf,58984.402060199995,1230402063415015009,2,1230402063415,20.819294,1,1230,0.63575023,19.465149,18.051394,19.2506,0.10814543,0.02700557,0.029410768,0.1069,258.7077296,26.2382758,0.6142857,19.2733,0.1374,False,True,False,bulk_1.0.0,0.0,1.241275103415015e+18,0.99999785,634120234.0,t17_f5_c3
113,ztf,58985.37811340019,1231378113415015023,2,1231378113415,20.760235,1,1231,0.50728554,19.550644,18.073986,19.4546,0.14574143,0.03546286,0.037404183,0.1294,258.7077195,26.2383226,0.7285714,19.2868,0.14,False,True,False,bulk_1.0.0,0.0,1.241275103415015e+18,0.9999965,634120234.0,t17_f5_c3
114,ztf,58985.421076400205,1231421073415015033,1,1231421073415,20.7682,1,1231,1.05318,20.0535,18.763355,20.1243,0.188617,0.056394182,0.057480846,0.2096,258.7079016,26.2383342,0.505714,20.2021,0.2854,False,True,False,bulk_1.0.0,0.0,1.241275103415015e+18,,,t17_f5_c3
115,ztf,58986.29519680003,1232295193415015012,2,1232295193415,20.77727,1,1232,0.21981162,19.311954,18.007547,19.2333,0.17312185,0.050854098,0.05207017,0.1112,258.7076523,26.2383752,0.74857146,19.1822,0.1338,False,True,False,bulk_1.0.0,0.0,1.241275103415015e+18,0.9999987,634120234.0,t17_f5_c3
116,ztf,58987.331469899975,1233331463415015038,2,1233331463415,20.9574,1,1233,0.376888,18.9801,17.896662,18.8806,0.103161,0.036665108,0.03803117,0.0673,258.7076706,26.2383268,0.618571,18.854,0.0817,False,True,False,bulk_1.0.0,0.0,1.241275103415015e+18,,,t17_f5_c3
117,ztf,58991.2730556,1237273053415015009,2,1237273053415,20.607908,1,1237,0.21876954,18.986162,17.898891,19.0173,0.13221961,0.047505766,0.048572186,0.0984,258.7076287,26.2383488,0.89428574,19.0932,0.133,False,True,False,bulk_1.0.0,0.0,1.241275103415015e+18,0.9999999,634120234.0,t17_f5_c3
118,ztf,58991.31870369986,1237318703415015057,1,1237318703415,20.7695,1,1237,0.619296,19.6209,18.61239,19.4719,0.166515,0.065057114,0.06577333,0.1134,258.7077513,26.2383098,0.56,19.3818,0.1319,False,True,False,bulk_1.0.0,0.0,1.241275103415015e+18,,,t17_f5_c3
119,ztf,58992.29403939983,1238294033415015029,2,1238294033415,20.792921,1,1238,0.3074725,18.676619,17.774693,18.6796,0.075884864,0.03180991,0.033066258,0.0624,258.7076493,26.2383363,0.8857143,18.669,0.0771,False,True,False,bulk_1.0.0,0.0,1.241275103415015e+18,0.99999976,634120234.0,t17_f5_c3
120,ztf,58992.33297450002,1238332973415015053,1,1238332973415,20.6732,1,1238,0.838394,19.2178,18.434914,19.1158,0.133862,0.06456711,0.06508829,0.0763,258.7078441,26.2383565,0.524286,19.0697,0.0918,False,True,False,bulk_1.0.0,0.0,1.241275103415015e+18,,,t17_f5_c3
121,ztf,58994.4150231001,1240415023415015040,1,1240415023415,20.8022,1,1240,0.398417,19.1649,18.40887,19.0362,0.117431,0.05797613,0.05852896,0.0749,258.7077024,26.2383608,0.782857,19.0183,0.0925,False,True,False,bulk_1.0.0,0.0,1.241275103415015e+18,,,t17_f5_c3
122,ztf,58995.2751042,1241275103415015018,2,1241275103415,20.757166,1,1241,0.1626838,18.300629,17.594692,18.221,0.064538375,0.032805648,0.033685543,0.0454,258.7075727,26.2383544,0.93714285,18.1529,0.0531,False,True,False,bulk_1.0.0,0.0,1.242310283415015e+18,0.9999994,634120234.0,t17_f5_c3
123,ztf,58995.320138900075,1241320133415015029,1,1241320133415,20.805481,1,1241,0.2156766,18.780354,18.200264,18.773,0.089872345,0.05225533,0.05267331,0.0605,258.7076236,26.2383425,0.8385714,18.8322,0.0798,False,True,False,bulk_1.0.0,0.0,1.242310283415015e+18,0.9999782,634120134.0,t17_f5_c3
124,ztf,58996.310289400164,1242310283415015012,2,1242310283415,20.778229,1,1242,0.26388547,18.543203,17.714535,18.518,0.073567875,0.033213455,0.034294177,0.0567,258.7076059,26.2383256,0.86714286,18.5246,0.0712,False,True,False,bulk_1.0.0,0.0,1.243298613415015e+18,1.0,634120234.0,t17_f5_c3
125,ztf,58997.29861109983,1243298613415015011,2,1243298613415,20.814257,1,1243,0.27779108,19.092882,17.936888,18.9737,0.18611309,0.06331507,0.06417699,0.0846,258.7076297,26.2383274,0.56,18.9457,0.1035,False,True,False,bulk_1.0.0,0.0,1.255362233415015e+18,0.9999995,634120234.0,t17_f5_c3
126,ztf,58997.38307869993,1243383073415015064,1,1243383073415,20.9003,1,1243,0.768812,19.7659,18.667376,19.7914,0.155191,0.055496577,0.05642305,0.1381,258.7078085,26.2383149,0.368571,19.7914,0.1743,False,True,False,bulk_1.0.0,0.0,1.255362233415015e+18,,,t17_f5_c3
127,ztf,58999.33672450017,1245336723415015013,2,1245336723415,20.4941,1,1245,0.505432,18.8733,17.856056,18.8612,0.097735,0.03703902,0.038295884,0.0845,258.7076814,26.2382837,0.855714,18.8828,0.1086,False,True,False,bulk_1.0.0,0.0,1.255362233415015e+18,,,t17_f5_c3
128,ztf,58999.401006899774,1245401003415015033,1,1245401003415,20.7735,1,1245,0.592782,19.62,18.612036,19.4432,0.166302,0.06500577,0.06572208,0.1015,258.7077708,26.2383742,0.608571,19.3869,0.1214,False,True,False,bulk_1.0.0,0.0,1.255362233415015e+18,,,t17_f5_c3
129,ztf,59000.3297569002,1246329753415015012,2,1246329753415,18.574,1,1246,0.10038,18.463,17.676409,18.6015,0.224823,0.10863163,0.108944215,0.4171,258.7075886,26.2383714,0.845714,18.4398,0.4617,False,True,False,bulk_1.0.0,0.0,1.255362233415015e+18,,,t17_f5_c3
130,ztf,59000.39428240014,1246394283415015044,2,1246394283415,19.704552,1,1246,0.22316138,18.67837,17.775455,18.6511,0.13491648,0.05803637,0.058735352,0.1486,258.7075822,26.2383371,0.91,18.4285,0.1547,False,True,False,bulk_1.0.0,0.0,1.255362233415015e+18,0.9999998,634120234.0,t17_f5_c3
131,ztf,59001.39317130018,1247393173415015012,1,1247393173415,20.41612,1,1247,0.17740121,19.766956,18.667759,19.971,0.17812034,0.063912734,0.0647194,0.26,258.7075994,26.2383495,0.95,20.0221,0.3479,False,True,False,bulk_1.0.0,0.0,1.255362233415015e+18,1.0,634120134.0,t17_f5_c3
132,ztf,59004.287488400005,1250287483415015005,2,1250287483415,19.704163,1,1250,0.082848504,18.754131,17.80779,18.7559,0.10396901,0.042480115,0.04348783,0.1834,258.7075779,26.238377,0.93285716,18.6071,0.205,False,True,False,bulk_1.0.0,0.0,1.255362233415015e+18,0.99999595,634120234.0,t17_f5_c3
133,ztf,59009.36223379988,1255362233415015005,2,1255362233415,19.945065,1,1255,0.18916734,19.122204,17.94691,19.5006,0.13153817,0.04328462,0.044558883,0.2234,258.7075513,26.2383565,0.9657143,19.5984,0.3123,True,True,False,bulk_1.0.0,0.0,0.0,0.99999994,634120234.0,t17_f5_c3
134,ztf,59015.317569400184,1261317563415015012,2,1261317563415,20.7548,1,1261,0.417911,19.5735,18.079807,19.4025,0.160372,0.03871371,0.040518325,0.1257,258.7076748,26.2383149,0.732857,19.3462,0.1507,False,True,False,bulk_1.0.0,0.0,1.29126151341501e+18,,,t17_f5_c3
135,ztf,59024.242418999784,1270242413415015019,2,1270242413415,20.6396,1,1270,0.700725,19.9116,18.155807,20.0283,0.273836,0.052811883,0.054346707,0.2548,258.707775,26.2382941,0.678571,19.944,0.2991,False,True,False,bulk_1.0.0,0.0,1.29126151341501e+18,,,t17_f5_c3
136,ztf,59039.19116900023,1285191163415010007,1,1285191163415,20.8162,-1,1285,0.29233,20.3807,19.583584,20.3473,0.248899,0.117077135,0.11944758,0.2466,258.7075111,26.2384491,0.698571,20.0345,0.2359,False,True,False,bulk_1.0.0,0.0,1.30035210341501e+18,,,t17_f5_c3
137,ztf,59042.30128470017,1288301283415010005,1,1288301283415,20.664669,-1,1288,0.26362258,20.206787,19.678099,20.1006,0.20181537,0.12129614,0.12401632,0.2219,258.7075092,26.238422,0.94285715,20.1613,0.2997,False,True,False,bulk_1.0.0,0.0,1.30035210341501e+18,0.99999976,634120134.0,t17_f5_c3
138,ztf,59045.26151619991,1291261513415010014,1,1291261513415,20.863304,-1,1291,0.29582134,19.957851,19.865273,20.1214,0.15431617,0.13833956,0.14170338,0.1891,258.7074924,26.2383709,0.72,20.0022,0.216,False,True,False,bulk_1.0.0,0.0,1.30035210341501e+18,0.99997675,634120134.0,t17_f5_c3
139,ztf,59051.31217590021,1297312173415010003,1,1297312173415,20.700817,-1,1297,0.14385076,19.929613,19.891867,19.8556,0.18345022,0.1743679,0.17718205,0.1715,258.7075412,26.2384054,0.78571427,19.7668,0.202,False,True,False,bulk_1.0.0,0.0,1.30035210341501e+18,0.9999922,634120134.0,t17_f5_c3
140,ztf,59054.35210649995,1300352103415010019,2,1300352103415,20.465475,-1,1300,0.18445252,19.51416,18.875566,19.6087,0.1576438,0.08393522,0.087546624,0.1751,258.7075373,26.2384271,0.96428573,19.4908,0.2002,False,True,False,bulk_1.0.0,0.0,1.30326946341501e+18,1.0,634120234.0,t17_f5_c3
141,ztf,59057.269467600156,1303269463415010006,1,1303269463415,20.48982,-1,1303,0.09663622,19.81791,20.011896,19.8101,0.18231103,0.215126,0.21797547,0.2036,258.7075544,26.238397,0.93285716,19.8275,0.2647,False,True,False,bulk_1.0.0,0.0,1.32418475341501e+18,0.9999933,634120134.0,t17_f5_c3
142,ztf,59057.33278940013,1303332783415010016,2,1303332783415,20.499908,-1,1303,0.034219153,19.4367,18.921097,19.8254,0.1201054,0.07004729,0.074700005,0.2229,258.7075793,26.2384033,0.89428574,19.849,0.2907,False,True,False,bulk_1.0.0,0.0,1.32418475341501e+18,0.9999995,634120234.0,t17_f5_c3
143,ztf,59066.19376160018,1312193763415010000,1,1312193763415,20.0157,-1,1312,0.101831,19.9605,19.862846,19.732,0.237139,0.21456672,0.21674107,0.2868,258.7075783,26.2384255,0.902857,19.9912,0.4671,False,True,False,bulk_1.0.0,0.0,1.32418475341501e+18,,,t17_f5_c3
144,ztf,59069.17704859981,1315177043415010011,1,1315177043415,20.728642,-1,1315,0.25984597,20.104095,19.746387,19.9587,0.18614382,0.13103892,0.13389526,0.1808,258.7075104,26.2383627,0.83,20.0072,0.2405,False,True,False,bulk_1.0.0,0.0,1.32418475341501e+18,0.99980307,634120134.0,t17_f5_c3
145,ztf,59069.2167014,1315216703415010006,2,1315216703415,20.79894,-1,1315,0.119739875,19.615726,18.823013,19.3889,0.17393199,0.08038598,0.08380963,0.1233,258.7075472,26.2383872,0.8242857,19.4305,0.1629,False,True,False,bulk_1.0.0,0.0,1.32418475341501e+18,0.9999992,634120234.0,t17_f5_c3
146,ztf,59072.192592599895,1318192593415010021,2,1318192593415,20.629507,-1,1318,0.10817213,19.829195,18.733433,19.6845,0.18028913,0.061982438,0.06571497,0.176,258.7075563,26.2384069,0.9,19.7967,0.2486,False,True,False,bulk_1.0.0,0.0,1.32418475341501e+18,1.0,634120234.0,t17_f5_c3
147,ztf,59072.22740740003,1318227403415010006,1,1318227403415,20.6191,-1,1318,0.060847,20.3466,19.600338,20.4304,0.257124,0.12705617,0.1293117,0.3071,258.7075768,26.2383785,0.914286,20.6488,0.4802,False,True,False,bulk_1.0.0,0.0,1.32418475341501e+18,,,t17_f5_c3
148,ztf,59075.19299770007,1321192993415010001,1,1321192993415,20.598743,-1,1321,0.3094544,19.970114,19.854134,20.0456,0.16977023,0.14951512,0.15257016,0.2287,258.7074853,26.2383952,0.85571426,20.0364,0.29,False,True,False,bulk_1.0.0,0.0,1.32418475341501e+18,0.9998605,634120134.0,t17_f5_c3
149,ztf,59078.184756900184,1324184753415010010,2,1324184753415,20.716047,-1,1324,0.10509026,19.739115,18.768217,19.9007,0.13690655,0.05124504,0.055984195,0.2125,258.7075844,26.2384292,0.7214286,20.0123,0.2999,True,True,False,bulk_1.0.0,0.0,0.0,0.9999894,634120234.0,t17_f5_c3
150,ztf,59128.141319400165,1374141313415015006,2,1374141313415,20.3682,1,1374,0.31782,19.533,18.069431,19.2601,0.165618,0.04135847,0.043020923,0.159,258.7076674,26.2383431,0.895714,19.1163,0.1773,False,True,False,bulk_1.0.0,0.0,1.381099603415015e+18,,,t17_f5_c3
151,ztf,59128.178958300035,1374178953415015006,1,1374178953415,19.7592,1,1374,0.427562,19.963,18.734968,19.7091,0.367789,0.11818652,0.11868232,0.3719,258.7076974,26.2383291,0.777143,19.611,0.4358,False,True,False,bulk_1.0.0,0.0,1.381099603415015e+18,,,t17_f5_c3
152,ztf,59130.154675900005,1376154673415015009,1,1376154673415,20.4875,1,1376,0.377665,20.2138,18.80975,19.9156,0.26423,0.071568385,0.07250391,0.2145,258.7076923,26.2383562,0.811429,19.7553,0.236,False,True,False,bulk_1.0.0,0.0,1.381099603415015e+18,,,t17_f5_c3
153,ztf,59135.09960650001,1381099603415015004,1,1381099603415,20.362534,1,1381,0.23854321,20.183731,18.801414,20.296,0.21408053,0.058813076,0.059930865,0.3617,258.7075575,26.2383315,0.9357143,20.1104,0.3901,True,True,False,bulk_1.0.0,0.0,0.0,0.9999999,634120134.0,t17_f5_c3
154,ztf,59303.44265050022,1549442653415015001,2,1549442653415,19.5471,1,1549,0.133417,19.3282,18.012407,19.1574,0.244223,0.07181526,0.072689205,0.2742,258.7075789,26.238362,0.881429,19.2587,0.3858,False,True,False,correction_0.0.1,0.0,,,,t17_f5_c3
155,ztf,59306.495729200076,1552495723415015005,2,1552495723415,20.364914,1,1552,0.12328663,19.403303,18.034224,19.3071,0.15055688,0.04109512,0.0426647,0.177,258.7075896,26.2383672,0.80142856,19.1012,0.187,True,True,False,correction_0.0.1,0.0,,0.9999989,634120234.0,t17_f5_c3
156,ztf,59308.454710599966,1554454713415015010,2,1554454713415,20.514534,1,1554,0.3286224,19.573223,18.079737,19.3655,0.1292339,0.030389847,0.032657433,0.1449,258.7075605,26.2383101,0.9685714,19.2854,0.171,True,True,False,correction_0.0.1,0.0,,0.99999917,634120234.0,t17_f5_c3
157,ztf,59310.42807869986,1556428073415015080,1,1556428073415,20.86,1,1556,1.05516,20.2373,18.816147,20.2651,0.209244,0.05529891,0.056518592,0.2124,258.7079007,26.2383139,0.51,20.2351,0.2617,False,True,False,correction_0.0.1,0.0,,,,t17_f5_c3
158,ztf,59310.44946759986,1556449463415015014,2,1556449463415,19.866774,1,1556,0.25677237,19.272243,17.99545,19.5124,0.16300367,0.04905771,0.050289802,0.3037,258.7075659,26.2383289,0.9514286,19.4148,0.3544,True,True,False,correction_0.0.1,0.0,,0.9999969,634120234.0,t17_f5_c3
159,ztf,59312.40189810004,1558401893415015004,2,1558401893415,20.5403,1,1558,0.461353,19.3708,18.024914,19.1176,0.164682,0.04629991,0.047675084,0.1096,258.7077054,26.238327,0.705714,19.0991,0.1363,False,True,False,correction_0.0.1,0.0,,,,t17_f5_c3
160,ztf,59312.42479170021,1558424793415015020,1,1558424793415,20.6803,1,1558,0.838407,20.1489,18.79155,20.0421,0.224265,0.06321985,0.06424243,0.2019,258.7078395,26.2383515,0.711429,20.1032,0.2712,False,True,False,correction_0.0.1,0.0,,,,t17_f5_c3
161,ztf,59314.41408560006,1560414083415015041,1,1560414083415,20.7734,1,1560,0.528005,19.687,18.638021,19.6466,0.173647,0.065333374,0.066080876,0.1313,258.7077413,26.2383507,0.718571,19.5799,0.1563,False,True,False,correction_0.0.1,0.0,,,,t17_f5_c3
162,ztf,59314.45870369999,1560458703415015010,2,1560458703415,20.763271,1,1560,0.24247734,18.99309,17.901432,18.9667,0.123371296,0.043983843,0.045138884,0.0856,258.7076259,26.2383407,0.72571427,18.9303,0.1041,True,True,False,correction_0.0.1,0.0,,0.9999975,634120234.0,t17_f5_c3
163,ztf,59314.45870369999,1560458703415025010,2,1560458703415,20.7633,1,1560,0.242477,18.9931,17.901434,18.9667,0.123371,0.043983467,0.045138523,0.0856,258.7076259,26.2383407,0.725714,18.9303,0.1041,False,True,False,correction_0.0.1,0.0,,,,t17_f5_c3
164,ztf,59316.40222219983,1562402223415015012,2,1562402223415,20.889997,1,1562,0.30807832,19.007965,17.90685,18.9384,0.09281266,0.032082222,0.03366366,0.0745,258.7076598,26.2383422,0.70285714,18.8746,0.0877,True,True,False,correction_0.0.1,0.0,,0.999995,634120234.0,t17_f5_c3
165,ztf,59319.394861099776,1565394863415015006,2,1565394863415,20.278925,1,1565,0.2740901,19.0747,17.930584,19.0,0.10399581,0.034724865,0.036255144,0.0958,258.7076171,26.2383262,0.89428574,18.9499,0.1156,True,True,False,correction_0.0.1,0.0,,0.9999996,634120234.0,t17_f5_c3
166,ztf,59319.43119210005,1565431193415015017,1,1565431193415,20.6082,1,1565,0.562365,19.7222,18.651283,19.7455,0.165529,0.060910746,0.061731525,0.1467,258.7077555,26.238383,0.862857,19.592,0.1615,False,True,False,correction_0.0.1,0.0,,,,t17_f5_c3
167,ztf,59322.27724540001,1568277243415015006,2,1568277243415,20.0227,1,1568,0.507548,19.2051,17.974289,19.1683,0.139953,0.04371992,0.045046166,0.1733,258.70772,26.2383178,0.97,18.9538,0.1817,False,True,False,correction_0.0.1,0.0,,,,t17_f5_c3
168,ztf,59322.424895800184,1568424893415015015,1,1568424893415,20.4404,1,1568,0.859821,19.9921,18.744272,19.9594,0.212258,0.066362254,0.06725636,0.1926,258.7078429,26.238447,0.765714,19.9344,0.2394,False,True,False,correction_0.0.1,0.0,,,,t17_f5_c3
169,ztf,59324.34142359998,1570341423415015004,2,1570341423415,20.154171,1,1570,0.33231458,18.935337,17.879944,18.9604,0.110451475,0.040583108,0.041784372,0.1208,258.7076367,26.2383169,0.9557143,18.9331,0.1496,True,True,False,correction_0.0.1,0.0,,1.0,634120234.0,t17_f5_c3
170,ztf,59324.38365740003,1570383653415015020,1,1570383653415,20.6391,1,1570,0.434331,19.5815,18.596657,19.6536,0.195171,0.078211494,0.07879127,0.1508,258.7076961,26.2383301,0.838571,19.6368,0.1885,False,True,False,correction_0.0.1,0.0,,,,t17_f5_c3
171,ztf,59328.310300900135,1574310303415015001,2,1574310303415,19.76337,1,1574,0.22409302,18.991182,17.900734,19.4889,0.1469598,0.05286575,0.053829316,0.3056,258.7075594,26.2383415,0.94714284,19.403,0.3616,True,True,False,correction_0.0.1,0.0,,0.9999995,634120234.0,t17_f5_c3
172,ztf,59328.361874999944,1574361873415015005,1,1574361873415,19.6985,1,1574,0.445309,19.6047,18.605963,19.8675,0.253313,0.10050345,0.10096308,0.4191,258.7075767,26.2382696,0.865714,19.6707,0.4486,False,True,False,correction_0.0.1,0.0,,,,t17_f5_c3
173,ztf,59334.360173599795,1580360173415015005,2,1580360173415,20.0579,1,1580,0.283051,19.1714,17.963327,18.9622,0.134812,0.042988155,0.04430975,0.1522,258.7075942,26.2383215,0.94,18.8458,0.1748,False,True,False,correction_0.0.1,0.0,,,,t17_f5_c3
174,ztf,59336.37289350014,1582372893415035009,2,1582372893415,20.4273,1,1582,0.080567,19.2299,17.982208,19.124,0.14603,0.044967864,0.046277042,0.1269,258.7075884,26.2383776,0.928571,18.9682,0.1397,False,True,False,correction_0.0.1,0.0,,,,t17_f5_c3
175,ztf,59336.37289350014,1582372893415015009,2,1582372893415,20.427282,1,1582,0.08056654,19.229856,17.982195,19.124,0.14602965,0.0449691,0.04627821,0.1269,258.7075884,26.2383776,0.9285714,18.9682,0.1397,True,True,False,correction_0.0.1,0.0,,0.99999994,634120234.0,t17_f5_c3
176,ztf,59336.43027780019,1582430273415035007,1,1582430273415,20.3324,1,1582,0.393157,19.6781,18.634626,19.5795,0.20704,0.07857014,0.079188935,0.1914,258.707639,26.2382971,0.914286,19.5981,0.2487,False,True,False,correction_0.0.1,0.0,,,,t17_f5_c3
177,ztf,59336.43027780019,1582430273415015007,1,1582430273415,20.332426,1,1582,0.3931573,19.678122,18.634634,19.5795,0.20704003,0.07856919,0.079188,0.1914,258.707639,26.2382971,0.9142857,19.5981,0.2487,True,True,False,correction_0.0.1,0.0,,0.999999,634120134.0,t17_f5_c3
178,ztf,59339.33995370008,1585339953415015008,2,1585339953415,20.8196,1,1585,0.483591,19.0235,17.91246,18.8515,0.086054,0.029180488,0.030928202,0.0749,258.7076809,26.2382961,0.848571,18.7325,0.0843,False,True,False,correction_0.0.1,0.0,,,,t17_f5_c3
179,ztf,59339.38392359996,1585383923415015037,1,1585383923415,20.7883,1,1585,0.703428,19.7972,18.67865,19.952,0.178487,0.0628706,0.06370698,0.1773,258.7077964,26.2383391,0.637143,19.9992,0.2346,False,True,False,correction_0.0.1,0.0,,,,t17_f5_c3
180,ztf,59341.41494210018,1587414943415015009,2,1587414943415,20.2168,1,1587,0.675466,19.2198,17.978998,19.0791,0.150082,0.04660683,0.04786385,0.0929,258.7077325,26.2382584,0.534286,19.0454,0.1133,False,True,False,correction_0.0.1,0.0,,,,t17_f5_c3
181,ztf,59343.35190969985,1589351903415015008,2,1589351903415,20.61651,1,1589,0.24836892,19.06573,17.927448,18.9374,0.10601355,0.035674952,0.037157718,0.0914,258.7076045,26.2383242,0.7942857,18.911,0.1125,True,True,False,correction_0.0.1,0.0,,0.99999976,634120234.0,t17_f5_c3
182,ztf,59343.40129629988,1589401293415015101,1,1589401293415,20.839,1,1589,0.448949,19.8993,18.714,19.9773,0.153732,0.050492674,0.05159942,0.1727,258.7076923,26.2383126,0.438571,20.0301,0.2293,False,True,False,correction_0.0.1,0.0,,,,t17_f5_c3
183,ztf,59346.40685189981,1592406853415015021,2,1592406853415,20.936794,1,1592,0.3397003,19.46623,18.05169,19.2253,0.115886815,0.029258464,0.03149323,0.0948,258.7076528,26.2383269,0.76428574,19.1841,0.1142,True,True,False,correction_0.0.1,0.0,,0.9999999,634120234.0,t17_f5_c3
184,ztf,59382.34956019977,1628349563415015010,2,1628349563415,20.5905,1,1628,0.54174,20.3249,18.226263,20.3934,0.299594,0.041142862,0.04335894,0.3543,258.7076367,26.2382561,0.668571,20.0359,0.324,False,True,False,correction_0.0.1,0.0,,,,t17_f5_c3
185,ztf,59384.33961809985,1630339613415015003,2,1630339613415,20.3508,1,1630,0.393256,19.8926,18.15201,19.8716,0.230546,0.044605758,0.046400394,0.2756,258.7075751,26.2382892,0.777143,19.8162,0.3338,False,True,False,correction_0.0.1,0.0,,,,t17_f5_c3
186,ztf,59386.35222220002,1632352223415015003,1,1632352223415,19.8334,1,1632,0.160967,19.8709,18.704386,19.7908,0.254903,0.08641018,0.08705013,0.3493,258.70755,26.2383606,0.924286,20.0401,0.563,False,True,False,correction_0.0.1,0.0,,,,t17_f5_c3
187,ztf,59399.27973379986,1645279733415015048,1,1645279733415,20.7601,1,1645,1.39028,20.933,18.964596,20.7271,0.350449,0.05559279,0.057182442,0.3646,258.707975,26.2382219,0.492857,20.6471,0.431,False,True,False,correction_0.0.1,0.0,,,,t17_f5_c3
188,ztf,59405.300219899975,1651300213415010001,1,1651300213415,20.5638,-1,1651,0.077138,20.8306,19.419817,20.7944,0.401382,0.107546344,0.10945719,0.4464,258.707561,26.2383872,0.834286,21.056,0.7256,False,True,False,correction_0.0.1,0.0,,,,t17_f5_c3
189,ztf,59407.30381939979,1653303813415010003,2,1653303813415,20.60503,-1,1653,0.27827275,19.873066,18.717873,19.9285,0.19735599,0.064614154,0.06810401,0.2387,258.7075702,26.2384757,0.88285714,20.2968,0.4266,True,True,False,correction_0.0.1,0.0,,0.9999999,634120234.0,t17_f5_c3
190,ztf,59409.23692130018,1655236923415010003,1,1655236923415,20.593382,-1,1655,0.17068434,19.995712,19.831633,20.2156,0.18325187,0.15471388,0.15754935,0.2711,258.7075351,26.2383681,0.89285713,20.2308,0.3513,True,True,False,correction_0.0.1,0.0,,0.9999964,634120134.0,t17_f5_c3
191,ztf,59411.236874999944,1657236873415010010,2,1657236873415,20.359756,-1,1657,0.21040675,19.746271,18.765305,19.3556,0.19806898,0.0770335,0.080247216,0.1768,258.7075451,26.2383535,0.82857144,19.3883,0.2327,True,True,False,correction_0.0.1,0.0,,0.9999698,634120234.0,t17_f5_c3
192,ztf,59411.302789399866,1657302783415010002,1,1657302783415,20.424,-1,1657,0.101962,19.9509,19.871696,19.7985,0.225127,0.2069993,0.20928912,0.213,258.7075576,26.2383797,0.918571,19.8006,0.273,False,True,False,correction_1.0.6,0.0,1.66924538341501e+18,,,t17_f5_c3
193,ztf,59414.262500000186,1660262493415010001,1,1660262493415,19.9989,-1,1660,0.084118,20.0692,19.7722,20.2106,0.250637,0.18856074,0.19065347,0.4832,258.7075848,26.2384175,0.838571,19.7387,0.402,False,True,False,correction_1.0.6,0.0,1.66924538341501e+18,,,t17_f5_c3
194,ztf,59414.281481499784,1660281483415010010,2,1660281483415,20.1709,-1,1660,0.057524,19.8489,18.726337,19.5462,0.232909,0.079934545,0.08282498,0.2513,258.7076026,26.2383931,0.712857,19.8548,0.428,False,True,False,correction_1.0.6,0.0,1.66924538341501e+18,,,t17_f5_c3
195,ztf,59423.24538190011,1669245383415010016,2,1669245383415,20.24109,-1,1669,0.017364576,19.604998,18.82822,19.3819,0.15079534,0.06978086,0.07373557,0.1897,258.7075924,26.238397,0.95,19.5024,0.2713,True,True,False,correction_1.0.6,0.0,,0.9999862,634120234.0,t17_f5_c3
196,ztf,59425.193958300166,1671193953415010012,2,1671193953415,20.618984,-1,1671,0.057880398,19.556248,18.852879,19.5097,0.1633233,0.0818986,0.08544777,0.1574,258.7075752,26.2384099,0.8057143,19.5771,0.2133,True,True,False,correction_1.0.6,0.0,,0.99999535,634120234.0,t17_f5_c3
197,ztf,59425.2352661998,1671235263415010003,1,1671235263415,20.665833,-1,1671,0.23392428,20.032969,19.800592,19.77,0.20446582,0.16251832,0.16507094,0.1645,258.707516,26.2383764,0.8257143,19.6408,0.1863,True,True,False,correction_1.0.6,0.0,,0.9999913,634120134.0,t17_f5_c3
198,ztf,59427.27493060008,1673274933415010001,1,1673274933415,20.598883,-1,1673,0.13446729,20.117716,19.736694,20.5303,0.18891266,0.1301757,0.13300024,0.3551,258.7075416,26.2383868,0.9,20.4732,0.4308,True,True,False,correction_1.0.6,0.0,,0.9610586,634120134.0,t17_f5_c3
199,ztf,59429.24078699993,1675240783415010012,2,1675240783415,20.712543,-1,1675,0.04261213,19.583488,18.838896,19.6515,0.13496967,0.06358317,0.06798277,0.1659,258.7075969,26.2383978,0.87285715,19.6785,0.2162,True,True,False,correction_1.0.6,0.0,,0.99996996,634120234.0,t17_f5_c3
200,ztf,59429.28799769981,1675287993415010005,1,1675287993415,20.5306,-1,1675,0.085749,19.9934,19.833624,19.8122,0.251163,0.21473357,0.21679293,0.1906,258.7075571,26.2384075,0.848571,19.8261,0.2469,False,True,False,correction_1.0.6,0.0,1.68019484341501e+18,,,t17_f5_c3
201,ztf,59434.19484949997,1680194843415010009,2,1680194843415,20.74608,-1,1680,0.07562014,19.570345,18.845575,19.9438,0.13688703,0.06591439,0.070219025,0.2114,258.7075745,26.2384194,0.7985714,19.8669,0.2505,True,True,False,correction_1.0.6,0.0,,0.9999975,634120234.0,t17_f5_c3
202,ztf,59434.24685190013,1680246853415010003,1,1680246853415,20.675716,-1,1680,0.13275713,19.943321,19.87879,20.1857,0.18510209,0.17163011,0.17442092,0.2425,258.7075576,26.238425,0.9014286,20.2099,0.3168,True,True,False,correction_1.0.6,0.0,,0.9999694,634120134.0,t17_f5_c3
203,ztf,59436.268622700125,1682268623415010002,1,1682268623415,20.500748,-1,1682,0.0393813,20.08477,19.760504,19.9477,0.2118681,0.1546755,0.15716612,0.2252,258.7075689,26.238403,0.91571426,19.9232,0.2815,True,True,False,correction_1.0.6,0.0,,0.99997914,634120134.0,t17_f5_c3
204,ztf,59439.227534700185,1685227533415010017,2,1685227533415,20.189898,-1,1685,0.1643987,19.831224,18.732693,20.368,0.18789193,0.06473417,0.06831178,0.4598,258.7075408,26.2383805,0.93714285,20.4694,0.6453,True,True,False,correction_1.0.6,0.0,,0.9999999,634120234.0,t17_f5_c3
205,ztf,59439.26843750011,1685268433415010001,1,1685268433415,20.1689,-1,1685,0.15425,20.1891,19.689112,20.0432,0.293762,0.18350714,0.1853533,0.3214,258.7075383,26.2384069,0.84,19.9064,0.3626,False,True,False,correction_1.0.6,0.0,1.69822262341501e+18,,,t17_f5_c3
206,ztf,59450.174374999944,1696174373415010008,2,1696174373415,19.9138,-1,1696,0.068581,19.5131,18.876156,19.4605,0.225417,0.122877166,0.12537448,0.2813,258.7075914,26.2384178,0.825714,19.6278,0.4206,False,True,False,correction_1.0.6,0.0,1.69822262341501e+18,,,t17_f5_c3
207,ztf,59452.22262729984,1698222623415010010,2,1698222623415,20.374285,-1,1698,0.05935018,19.50664,18.879766,19.3974,0.13405268,0.07098572,0.07525337,0.183,258.707575,26.2384153,0.93,19.435,0.2425,True,True,False,correction_1.0.6,0.0,,0.9999999,634120234.0,t17_f5_c3
208,ztf,59454.284374999814,1700284373415010014,2,1700284373415,20.120178,-1,1700,0.03640816,19.347454,18.980547,19.1829,0.14445803,0.09932023,0.10303359,0.185,258.7075837,26.2383951,0.93,19.1975,0.2402,True,True,False,correction_1.0.6,0.0,,0.9999999,634120234.0,t17_f5_c3
209,ztf,59458.15908560017,1704159083415010010,1,1704159083415,20.693037,-1,1704,0.12805536,19.789799,20.04649,20.3608,0.18767275,0.23494376,0.23772651,0.2494,258.707547,26.2383898,0.7714286,20.3114,0.3044,True,True,False,correction_1.0.6,0.0,,1.0,634120134.0,t17_f5_c3
210,ztf,59458.1942245001,1704194223415010017,2,1704194223415,20.603926,-1,1704,0.19808985,19.356653,18.974033,19.4307,0.15204361,0.10335439,0.10688582,0.1412,258.707528,26.2383878,0.8057143,19.5576,0.2019,True,True,False,correction_1.0.6,0.0,,1.0,634120234.0,t17_f5_c3
211,ztf,59460.207361099776,1706207363415010012,2,1706207363415,20.644361,-1,1706,0.03216726,19.3891,18.95179,19.4229,0.17307208,0.11257003,0.11569207,0.1422,258.7075944,26.2384042,0.79285717,19.5149,0.1973,True,True,False,correction_1.0.6,0.0,,0.99999964,634120234.0,t17_f5_c3
212,ztf,59460.277349499986,1706277343415010001,1,1706277343415,20.1163,-1,1706,0.195657,20.0551,19.78305,19.9406,0.258461,0.19915313,0.2011755,0.2865,258.7075703,26.2384496,0.947143,19.6559,0.2829,False,True,False,correction_1.0.6,0.0,1.70819601341501e+18,,,t17_f5_c3
213,ztf,59462.19601849979,1708196013415010018,2,1708196013415,20.480675,-1,1708,0.12731019,19.424337,18.928858,19.8865,0.20593461,0.12783326,0.130478,0.242,258.7075973,26.2384321,0.7228571,19.9631,0.3316,True,True,False,correction_1.0.6,0.0,,0.9999932,634120234.0,t17_f5_c3
214,ztf,59462.264872699976,1708264873415010003,1,1708264873415,20.0989,-1,1708,0.044282,20.0386,19.796068,20.4012,0.225171,0.17777668,0.1800939,0.4591,258.7075889,26.2383854,0.965714,20.4174,0.5977,False,True,False,correction_1.0.6,0.0,1.71015362341501e+18,,,t17_f5_c3
215,ztf,59464.1536226999,1710153623415020004,1,1710153623415,20.6518,-1,1710,0.07453,19.9343,19.88736,20.0742,0.186275,0.17562193,0.17839336,0.2243,258.7075643,26.2383849,0.884286,19.8415,0.2316,False,True,False,correction_1.0.6,0.0,1.71421751341501e+18,,,t17_f5_c3
216,ztf,59464.1536226999,1710153623415010004,1,1710153623415,20.65178,-1,1710,0.07452966,19.934298,19.887362,20.0742,0.1862752,0.17562272,0.17839415,0.2243,258.7075643,26.2383849,0.8842857,19.8415,0.2316,True,True,False,correction_1.0.6,0.0,,0.9999913,634120134.0,t17_f5_c3
217,ztf,59466.21646990022,1712216463415010001,1,1712216463415,20.3873,-1,1712,0.09132,19.9541,19.86873,19.8313,0.255292,0.23397039,0.23598766,0.2194,258.707554,26.2383996,0.92,19.9009,0.2994,False,True,False,correction_1.0.6,0.0,1.71421751341501e+18,,,t17_f5_c3
218,ztf,59468.176400499884,1714176403415010004,1,1714176403415,20.5007,-1,1714,0.081737,20.1183,19.736284,19.8151,0.277362,0.19317943,0.1950925,0.2092,258.7075992,26.2383839,0.772857,19.7554,0.2535,False,True,False,correction_1.0.6,0.0,1.71421751341501e+18,,,t17_f5_c3
219,ztf,59468.21751159988,1714217513415010010,2,1714217513415,20.473408,-1,1714,0.06754272,19.592974,18.834148,19.5808,0.16343056,0.077634744,0.08124624,0.1975,258.7075715,26.2383864,0.86142856,19.8748,0.3309,True,True,False,correction_1.0.6,0.0,,0.9999963,634120234.0,t17_f5_c3
220,ztf,59470.20651620021,1716206513415010004,1,1716206513415,20.285173,-1,1716,0.08817963,20.068396,19.772812,19.7842,0.19935839,0.14920615,0.1518452,0.2463,258.7075548,26.238383,0.89285713,19.579,0.2612,True,True,False,correction_1.0.6,0.0,,0.9993698,634120134.0,t17_f5_c3
221,ztf,59473.16518520005,1719165183415010007,2,1719165183415,20.215008,-1,1719,0.024804777,19.609364,18.826092,19.323,0.17276973,0.08054035,0.08397674,0.1979,258.7075927,26.238408,0.8742857,19.4326,0.2803,True,True,False,correction_1.0.6,0.0,,0.99999964,634120234.0,t17_f5_c3
222,ztf,59721.332094899844,1967332093415015025,2,1967332093415,20.9111,1,1967,1.16862,20.5032,18.250326,20.4276,0.188102,0.019027907,0.023618015,0.2844,258.707945,26.2383374,0.697143,20.8492,0.5284,False,True,False,1.1.2,0.0,1.980266633415015e+18,,,t17_f5_c3
223,ztf,59723.31649310002,1969316493415015014,2,1969316493415,20.7552,1,1969,1.06219,20.3373,18.22805,20.6533,0.279654,0.037662677,0.04007938,0.3967,258.7078948,26.2382874,0.675714,20.7858,0.5678,False,True,False,1.1.2,0.0,1.980266633415015e+18,,,t17_f5_c3
224,ztf,59734.26663189987,1980266633415015008,2,1980266633415,19.595232,1,1980,0.22548577,19.268051,17.994154,19.1622,0.1904166,0.057858367,0.058904197,0.299,258.7076477,26.2383677,0.8528572,18.8462,0.2867,True,True,False,1.1.2,0.0,,0.99999994,634120234.0,t17_f5_c3
225,ztf,59734.31812500022,1980318123415015043,1,1980318123415,20.8577,1,1980,0.678384,19.9694,18.737028,20.0187,0.184632,0.058339745,0.059341487,0.1757,258.7077951,26.2383784,0.46,20.0275,0.2241,False,True,False,1.1.2,0.0,1.984301163415015e+18,,,t17_f5_c3
226,ztf,59736.2981480998,1982298143415015026,1,1982298143415,20.6889,1,1982,0.336312,19.68,18.635353,19.7228,0.183339,0.06934674,0.07004799,0.1538,258.707685,26.2383743,0.847143,19.674,0.1865,False,True,False,1.1.2,0.0,1.984301163415015e+18,,,t17_f5_c3
227,ztf,59736.35155089991,1982351553415015029,2,1982351553415,20.887,1,1982,0.385583,19.0297,17.914682,18.9104,0.107033,0.036925852,0.03832757,0.0712,258.7076827,26.2383352,0.614286,18.8905,0.0874,False,True,False,1.1.2,0.0,1.984301163415015e+18,,,t17_f5_c3
228,ztf,59738.3011690001,1984301163415015006,2,1984301163415,20.529438,1,1984,0.20617065,19.013369,17.908808,18.8727,0.10237642,0.035577334,0.037014794,0.0949,258.7076119,26.2383457,0.95285714,18.8259,0.1151,True,True,False,1.1.2,0.0,,0.9999999,634120234.0,t17_f5_c3
229,ztf,59738.381446800195,1984381443415015047,1,1984381443415,20.7794,1,1984,0.372559,19.6105,18.60827,19.4109,0.175057,0.06887669,0.06954849,0.1093,258.7076885,26.2383583,0.475714,19.3661,0.1325,False,True,False,1.1.2,0.0,1.986380113415015e+18,,,t17_f5_c3
230,ztf,59740.380115699954,1986380113415015019,1,1986380113415,20.287405,1,1986,0.17756686,19.618563,18.611467,19.7051,0.18116628,0.07099802,0.07165377,0.2239,258.7076211,26.2383598,0.9557143,19.6801,0.2796,True,True,False,1.1.2,0.0,,0.99999917,634120134.0,t17_f5_c3
231,ztf,59742.361585599836,1988361583415015004,2,1988361583415,19.848879,1,1988,0.29776934,19.344788,18.017319,19.3697,0.16017193,0.045791753,0.04716271,0.2655,258.7075264,26.238335,0.9614286,19.2074,0.293,True,True,False,1.1.2,0.0,,0.9999999,634120234.0,t17_f5_c3
232,ztf,59742.42393520009,1988423933415015005,1,1988423933415,19.5242,1,1988,0.454214,19.5899,18.600039,19.9806,0.311295,0.12472499,0.12509164,0.4712,258.7076645,26.2382883,0.837143,19.9662,0.5966,False,True,False,1.1.2,0.0,2.001299053415015e+18,,,t17_f5_c3
233,ztf,59748.296180599835,1994296183415015005,2,1994296183415,20.205,1,1994,0.522591,19.4652,18.051409,19.4278,0.153496,0.040084347,0.04174267,0.1681,258.707732,26.2383321,0.935714,19.2789,0.1866,False,True,False,1.1.2,0.0,2.001299053415015e+18,,,t17_f5_c3
234,ztf,59750.29714119993,1996297143415015010,2,1996297143415,20.496,1,1996,0.458643,19.255,17.9901,19.1907,0.123742,0.036993936,0.03859736,0.1135,258.7077079,26.2383257,0.725714,19.119,0.1344,False,True,False,1.1.2,0.0,2.001299053415015e+18,,,t17_f5_c3
235,ztf,59752.29953699978,1998299533415015039,1,1998299533415,20.6481,1,1998,0.535977,19.7567,18.66402,19.6788,0.217518,0.078859605,0.07951031,0.1565,258.7077449,26.2383489,0.651429,19.5866,0.1826,False,True,False,1.1.2,0.0,2.001299053415015e+18,,,t17_f5_c3
236,ztf,59755.299050900154,2001299053415015018,2,2001299053415,20.760746,1,2001,0.24343476,18.989529,17.900127,18.9259,0.09571144,0.03359654,0.035091605,0.0814,258.7076429,26.2383514,0.94,18.8485,0.0954,True,True,False,1.1.2,0.0,,0.9999998,634120234.0,t17_f5_c3
237,ztf,59757.254814799875,2003254813415015017,1,2003254813415,20.6266,1,2003,0.392042,19.6652,18.629673,19.6529,0.206303,0.07887601,0.07948685,0.1504,258.7076888,26.2383349,0.847143,19.6251,0.1861,False,True,False,dev,0.0,2.018246263415015e+18,,,t17_f5_c3
238,ztf,59759.257060199976,2005257063415015018,1,2005257063415,20.7036,1,2005,0.811636,19.8245,18.688316,19.9103,0.181796,0.06299299,0.06384266,0.1786,258.7078371,26.2383659,0.858571,20.202,0.2957,False,True,False,dev,0.0,2.018246263415015e+18,,,t17_f5_c3
239,ztf,59761.29721060023,2007297213415015047,1,2007297213415,20.8034,1,2007,0.898595,19.928,18.723549,20.136,0.19959,0.06494071,0.06582014,0.202,258.7078662,26.2384007,0.538571,20.1603,0.262,False,True,False,dev,0.0,2.018246263415015e+18,,,t17_f5_c3
240,ztf,59761.3445255002,2007344523415015013,2,2007344523415,20.814,1,2007,0.405774,19.4945,18.059298,19.1941,0.13154,0.03305236,0.035073362,0.1021,258.7077106,26.2383681,0.781429,19.0893,0.1169,False,True,False,dev,0.0,2.018246263415015e+18,,,t17_f5_c3
241,ztf,59763.299918999895,2009299913415015015,2,2009299913415,20.7566,1,2009,0.414695,19.3752,18.026186,19.2237,0.132481,0.03650976,0.03824262,0.1056,258.707689,26.2383269,0.595714,19.1402,0.1232,False,True,False,dev,0.0,2.018246263415015e+18,,,t17_f5_c3
242,ztf,59763.36217590002,2009362173415015029,1,2009362173415,20.6882,1,2009,0.767129,19.8477,18.696407,19.6478,0.187386,0.06404797,0.0648963,0.1361,258.7078117,26.2383239,0.561429,19.6128,0.1668,False,True,False,dev,0.0,2.018246263415015e+18,,,t17_f5_c3
243,ztf,59765.28884259984,2011288843415015033,1,2011288843415,20.7724,1,2011,0.793206,19.9514,18.73121,19.834,0.185765,0.059405643,0.0603793,0.162,258.7078287,26.2383708,0.54,19.9399,0.2263,False,True,False,dev,0.0,2.018246263415015e+18,,,t17_f5_c3
244,ztf,59768.30057869991,2014300573415015008,1,2014300573415,20.4056,1,2014,0.305433,19.9008,18.714504,19.9663,0.217588,0.07218617,0.072965324,0.2634,258.7076532,26.2383406,0.908571,19.9279,0.325,False,True,False,dev,0.0,2.018246263415015e+18,,,t17_f5_c3
245,ztf,59768.32953700004,2014329533415015018,1,2014329533415,20.5088,1,2014,0.348712,19.9316,18.724735,20.1477,0.209047,0.0679428,0.06878568,0.2808,258.7076894,26.2383756,0.857143,20.1232,0.3506,False,True,False,dev,0.0,2.018246263415015e+18,,,t17_f5_c3
246,ztf,59770.211655099876,2016211653415015006,1,2016211653415,19.7286,1,2016,0.041162,19.637,18.618721,19.7347,0.290734,0.11339387,0.11381112,0.3365,258.7075926,26.238387,0.805714,19.5447,0.3623,False,True,False,dev,0.0,2.018246263415015e+18,,,t17_f5_c3
247,ztf,59770.29829860013,2016298293415015009,1,2016298293415,20.0346,1,2016,0.294326,19.856,18.699274,20.1175,0.219688,0.074973665,0.07570348,0.4323,258.7075976,26.2383124,0.854286,19.9523,0.4765,False,True,False,dev,0.0,2.018246263415015e+18,,,t17_f5_c3
248,ztf,59772.24626159994,2018246263415015004,2,2018246263415,19.937279,1,2018,0.14417909,19.004202,17.905483,19.4596,0.12497195,0.04427198,0.045428183,0.2857,258.7076111,26.2383635,0.8457143,19.0986,0.2625,True,True,False,dev,0.0,,0.9999026,634120234.0,t17_f5_c3
249,ztf,59772.30020829989,2018300203415015004,2,2018300203415,19.949045,1,2018,0.1179222,18.928354,17.877296,19.0856,0.111450516,0.041151572,0.042331025,0.2028,258.7075885,26.2383692,0.89857143,19.1896,0.2856,True,True,False,dev,0.0,,1.0,634120234.0,t17_f5_c3
250,ztf,59774.2275231001,2020227523415015003,2,2020227523415,19.640154,1,2020,0.3019483,19.132376,17.950346,19.2242,0.18477489,0.061293658,0.062205777,0.2741,258.7075258,26.238335,0.94142854,18.8734,0.2544,True,True,False,dev,0.0,,0.9999956,634120234.0,t17_f5_c3
251,ztf,59774.27377310023,2020273773415015002,2,2020273773415,19.726318,1,2020,0.10832117,19.009499,17.907406,18.8461,0.15173146,0.05402957,0.054984305,0.1896,258.7075959,26.2383702,0.93,18.7055,0.2136,True,True,False,dev,0.0,,0.9999589,634120234.0,t17_f5_c3
252,ztf,59776.32964120014,2022329643415015005,2,2022329643415,20.24663,1,2022,0.34849435,19.082327,17.933237,19.0505,0.10154547,0.03365474,0.03523908,0.1523,258.7075373,26.2383102,0.9242857,19.1854,0.2199,True,True,False,dev,0.0,,1.0,634120234.0,t17_f5_c3
