julian_date,filter,flux,flux_unc,proc_status_code
2458905.6099769,ZTF_r,66.2502415929742,102.229524693007,0
2458905.6436227,ZTF_g,-135.578365173545,84.9212162517422,0
2459064.9421412,ZTF_r,4.88482749776675,82.2053090955741,0
2459064.9631481,ZTF_g,-48.4407697017266,106.887614080627,0
2459067.9390741,ZTF_r,27.3977898094808,67.974430127992,0
2459067.9395486,ZTF_r,25.4652906576384,61.5374538742307,0
2459067.9769329,ZTF_g,69.6475909533992,72.8995768916027,0
2459068.9365972,ZTF_r,-3.75291411340018,57.4047649763958,0
2459068.9370718,ZTF_r,62.544566956802,54.3109957220142,0
2459068.9869676,ZTF_g,35.3470748432293,61.3090180524588,0
2459068.9874421,ZTF_g,43.7624963247017,65.9959854612552,0
2459072.9401736,ZTF_g,-4.98998609333719,58.024335156245,0
2459072.9406481,ZTF_g,-61.2511881341023,42.5595076519986,0
2459072.9878935,ZTF_r,60.4464664347775,43.8963359488557,0
2459072.9888194,ZTF_r,30.7842452407754,49.0612949362369,0
2459073.9205093,ZTF_g,47.5669303918201,50.5879799698949,0
2459073.9209838,ZTF_g,-0.870233403999363,43.3752981305574,0
2459073.9627083,ZTF_r,-30.7591839143912,39.1076857883536,0
2459073.9631713,ZTF_r,-23.3320281275581,31.6547597035311,0
2459075.938206,ZTF_g,-0.242079580254493,38.3839843542274,0
2459075.9386806,ZTF_g,19.3736731215182,30.1018478309832,0
2459075.9753009,ZTF_r,-69.8595705132344,26.9095177224206,0
2459075.9840162,ZTF_r,81.2996857568018,32.7655843466983,0
2459076.9218634,ZTF_r,-47.5746191207702,38.4150277419795,0
2459076.9228009,ZTF_r,56.5215434125406,34.2609708630831,0
2459076.9717361,ZTF_g,-25.23899759615,22.7590033999449,0
2459076.9801852,ZTF_g,14.4388214869124,32.1284918263832,0
2459077.9365162,ZTF_g,-11.4535657661777,23.7900292632758,0
2459077.9369792,ZTF_g,3.16114810058904,27.4514287971348,0
2459077.9805093,ZTF_r,13.326190361385,32.7876223107503,0
2459077.9819097,ZTF_r,28.5706886948761,22.3934163112572,0
2459079.9568287,ZTF_r,25.3986622635448,52.5951152033526,0
2459080.9595139,ZTF_g,3.75080902782996,27.2800747897697,0
2459080.9604398,ZTF_g,13.4891068572641,20.5296914880009,0
2459081.9391551,ZTF_r,49.4598888365029,29.2609588684532,0
2459081.940081,ZTF_r,-36.674830914082,20.01744832424,0
2459081.9410185,ZTF_r,42.2796727063515,21.5515497673724,0
2459081.9797685,ZTF_g,-33.7733710172098,23.2315762522887,0
2459081.9807176,ZTF_g,-5.46002234952066,22.5628569631627,0
2459082.9560532,ZTF_g,-25.9165459489587,29.6020636472001,0
2459082.9804398,ZTF_r,45.5511303609546,37.407985006879,0
2459082.9809028,ZTF_r,45.9080304520068,29.670057382996,0
2459083.961331,ZTF_r,-34.1145564670029,28.5990480543617,0
2459083.9627315,ZTF_r,-36.5101752570787,24.2562411792711,0
2459084.9457639,ZTF_g,-31.4469964089797,23.1940441218979,0
2459084.9602778,ZTF_g,-20.5928212835208,26.5561182511053,0
2459084.9607523,ZTF_g,-42.5325816226336,22.6405114929972,0
2459084.9781597,ZTF_g,19.3027712976081,29.3949830888773,0
2459084.981088,ZTF_r,9.07933647060389,30.0169154461233,0
2459084.9824884,ZTF_r,-27.094087884071,24.4425658495258,0
2459085.937963,ZTF_g,-10.1490587959491,25.8606821323512,0
2459085.9389005,ZTF_g,10.7822259156326,20.2090721863878,0
2459085.989294,ZTF_r,-2.06403112884895,19.821046935704,0
2459085.9902315,ZTF_r,21.8295949779833,24.7150341757634,0
2459086.954838,ZTF_r,-18.9117899511781,24.6091165369557,0
2459086.9553125,ZTF_r,48.4584861983842,25.7066144067396,0
2459086.983669,ZTF_g,-49.2639348200024,21.1617605304757,0
2459087.9520139,ZTF_r,-28.7945777405218,25.9860984833799,0
2459087.9562037,ZTF_r,-35.4453210349151,32.8827707232322,0
2459087.9750926,ZTF_g,-15.7828716278441,26.6857737591922,0
2459087.9844676,ZTF_g,-23.820028556545,21.7680187781512,0
2459088.9981366,ZTF_g,-57.8244629037574,34.1452653974891,0
2459089.9745602,ZTF_r,33.0600662370215,31.0449752561425,0
2459089.9759606,ZTF_r,-9.33069548728902,32.0920826296309,0
2459089.9810532,ZTF_g,7.38796060517446,29.0314337121146,0
2459090.9687847,ZTF_r,2.03788060422512,24.5476391477192,0
2459090.9848727,ZTF_r,67.4565961046319,37.47226131003,0
2459091.9156597,ZTF_g,-6.9376915427971,44.3266830196258,0
2459091.9317708,ZTF_g,-13.2771829290286,38.3525666277899,0
2459091.9384491,ZTF_g,39.6001878642743,28.8743289955352,0
2459091.9398495,ZTF_g,0.600236938382678,31.5498586664195,0
2459091.9603241,ZTF_r,77.1487581752563,25.9608005269992,0
2459091.9842593,ZTF_r,39.7310849430985,19.7426488434003,0
2459092.9072569,ZTF_g,-23.7381704561513,65.2081844366605,0
2459092.9367593,ZTF_g,16.7839468960242,61.793102352552,0
2459093.8764236,ZTF_r,105.993227784454,98.5846076142746,0
2459093.8773611,ZTF_r,-102.865014598188,95.020079340251,0
2459093.8778241,ZTF_r,-168.139249010161,102.260683008831,0
2459093.8787616,ZTF_r,-118.885078514889,96.6669484967556,0
2459093.8979282,ZTF_g,2.15173424104067,91.5531047846319,0
2459093.8988657,ZTF_g,-159.680738113687,94.9029629405274,0
2459093.9593519,ZTF_g,-104.885841341239,76.3762878034624,0
2459094.9188773,ZTF_r,120.806727488429,111.115552019926,0
2459094.9198148,ZTF_r,85.3280275251938,105.607941826692,0
2459094.9634838,ZTF_g,37.8870777513782,109.87879934172,0
2459094.9639468,ZTF_g,-5.44676227783595,106.849090453209,0
2459094.9994213,ZTF_g,-17.5810345016769,94.6948978660074,0
2459095.837581,ZTF_g,167.156535909041,152.930667016839,0
2459095.839919,ZTF_g,144.995912754483,171.305958306817,0
2459095.9526968,ZTF_r,-27.2369676987822,100.582108214195,0
2459095.960787,ZTF_r,33.0877022181467,94.1547208543251,0
2459095.96125,ZTF_r,28.4712619777055,71.7872391745559,0
2459095.9636111,ZTF_r,-95.8562318609563,80.2754576352437,0
2459095.9953356,ZTF_g,-201.147852313144,106.399334476447,0
2459096.9158218,ZTF_r,33.3858888288567,73.0640731930524,0
2459096.9248148,ZTF_r,57.6881962052379,79.0761481598209,0
2459097.9180093,ZTF_g,170.931999412413,130.642275295381,0
2459099.8985069,ZTF_g,-28.3398593070263,80.1023026471794,0
2459099.8989699,ZTF_g,-102.821742482632,86.1804187073614,0
2459099.8994329,ZTF_g,-28.3057475996619,83.2648282965581,0
2459102.9408218,ZTF_r,-118.96333775399,98.1585800432057,0
2459102.9549074,ZTF_r,147.933444109267,100.486666713844,0
2459102.978912,ZTF_g,-17.5943063349306,73.5368979442061,0
2459104.9563426,ZTF_r,-34.1875037998323,35.0323986804051,0
2459105.0201852,ZTF_g,60.8292499140313,53.4649180232388,0
2459108.8714815,ZTF_g,-6.87849915140624,25.3065774911749,0
2459108.872419,ZTF_g,-32.4236100443974,22.9806204020498,0
2459108.8728819,ZTF_g,21.4678713531792,23.0863011648745,0
2459108.9608333,ZTF_r,18.2899559306387,23.604232293481,0
2459111.8576157,ZTF_g,-22.4215401024924,26.5660074795185,0
2459111.8585648,ZTF_g,-14.835148578527,24.3902670521116,0
2459111.8766551,ZTF_g,1.01595770109833,24.2381794554532,0
2459111.8993056,ZTF_r,-39.0419506080241,25.9984444667634,0
2459111.9182523,ZTF_r,2.08367871631732,25.6524088531702,0
2459111.9191898,ZTF_r,-19.6577827827006,24.6630987073188,0
2459114.8531366,ZTF_g,-15.2101363421681,20.8422916561005,0
2459114.8535995,ZTF_g,7.14754440804022,23.3738368154707,0
2459114.9000463,ZTF_r,-18.5714878974518,23.233122580526,0
2459114.9005208,ZTF_r,-16.1933283144257,27.4843676276139,56
2459115.8940046,ZTF_r,-35.921052781353,26.9414309013649,0
2459115.8964352,ZTF_r,26.3456325235269,28.9409899833959,0
2459116.9065162,ZTF_r,-10.9184573930201,25.0740223550242,0
2459116.9093519,ZTF_r,-1.5289781237923,24.0666797235641,0
2459117.0034144,ZTF_g,-50.7888242571748,27.5591524498606,0
2459117.8829398,ZTF_r,28.2439229813865,24.4024098732279,0
2459117.8977315,ZTF_r,-11.0146323950715,22.9676283546417,0
2459117.9196065,ZTF_g,-3.10038772600606,20.1563079729826,0
2459117.920081,ZTF_g,41.4731466920078,21.9088434524949,0
2459118.9533102,ZTF_g,-17.6954437462507,21.6684910538558,0
2459121.8822801,ZTF_g,60.7023730001361,68.7902197666426,0
2459121.9492477,ZTF_r,18.2768287036704,48.6551568662952,0
2459122.9042014,ZTF_g,-109.232769273,79.090907344521,0
2459124.8766782,ZTF_r,106.50922200367,110.334483376019,0
2459124.8771412,ZTF_r,26.5909267800186,100.052564976548,0
2459124.8985417,ZTF_r,167.22929071451,92.6436383904058,0
2459124.8999653,ZTF_r,128.405513638077,94.1343635981963,0
2459124.9193981,ZTF_r,-88.2263049772789,92.4595412500632,0
2459124.9820602,ZTF_g,72.5528720418888,139.59114639105,0
2459124.9825347,ZTF_g,97.0302594194596,133.655898242631,0
2459124.9907407,ZTF_g,-212.32221356049,127.970868589603,0
2459125.8152199,ZTF_r,124.947090034477,95.4569660408987,0
2459125.893044,ZTF_g,-15.6582280019688,105.904007583905,0
2459126.8771528,ZTF_r,24.1495562377063,91.5375617824313,0
2459126.8780903,ZTF_r,-78.4461326055389,92.4819535532418,0
2459126.8993056,ZTF_r,94.0976180907527,88.1002830692012,0
2459126.9002431,ZTF_r,-33.8002626527806,81.7528068502274,0
2459126.9534838,ZTF_g,-15.0460065888399,99.1481204838596,0
2459126.9544213,ZTF_g,-37.4292040306949,97.3865248049216,0
2459126.9548843,ZTF_g,-23.6056889884926,92.7831223228165,0
2459126.9567824,ZTF_g,106.312299228359,96.1910464749103,0
2459127.8894676,ZTF_r,163.865261353398,117.640377214042,0
2459127.8899306,ZTF_r,-49.926162340035,117.332226452272,0
2459127.8990625,ZTF_g,69.0717024083523,105.292839240895,0
2459128.856088,ZTF_g,31.7624503702346,92.4709658924538,0
2459128.8570255,ZTF_g,52.1703015386156,96.7895017473205,0
2459128.8603125,ZTF_g,46.1473662999109,76.7744831454885,0
2459128.86125,ZTF_g,-22.3636644650781,70.9822474729845,0
2459128.8880093,ZTF_r,111.074161989506,90.6527185809073,0
2459128.8889815,ZTF_r,-122.558283571954,73.6213543235514,0
2459128.9022454,ZTF_r,-86.2518068159864,71.3797523832965,0
2459128.9031829,ZTF_r,-67.5375201149662,73.1442694230432,0
2459129.8551968,ZTF_g,53.8602939954414,48.0126827520965,0
2459129.8769444,ZTF_g,-93.2939064310528,44.3831124420154,0
2459129.9791435,ZTF_r,-56.7103934296041,39.5023119602267,56
2459129.9796065,ZTF_r,63.7775274622266,45.6127546736507,0
2459130.8714468,ZTF_g,-2.98120568385466,43.5778293115201,0
2459130.8737731,ZTF_g,-26.7731051445771,44.3386045132055,0
2459130.8827662,ZTF_g,-3.75578611875888,43.4801435954099,0
2459130.8841898,ZTF_g,31.6352272596677,43.6459797037766,0
2459130.9192708,ZTF_r,13.3910325873034,36.7298728709837,0
2459130.920706,ZTF_r,-72.1317088765727,33.915984085465,0
2459130.921169,ZTF_r,14.8974149731431,34.2602735472843,0
2459130.9221065,ZTF_r,-58.1355885283589,32.5108917400859,0
2459131.8543056,ZTF_g,-24.1508182030749,40.467889296434,0
2459131.8667477,ZTF_g,-29.0316995889035,35.6551637568642,0
2459131.9197106,ZTF_r,-49.3882341855026,35.2360970114504,0
2459134.7777778,ZTF_g,-21.1754267505685,35.8256031842183,0
2459134.7787037,ZTF_g,60.5211147744998,37.4070825124043,0
2459134.8799653,ZTF_g,39.5150329373119,31.0956888891934,0
2459134.899213,ZTF_g,-27.3541099623987,31.9869371561227,0
2459134.9202778,ZTF_r,17.9117880825036,44.0937126617816,0
2459134.9212153,ZTF_r,-22.4547427593517,42.2150509059281,0
2459134.9216898,ZTF_r,-12.4063043111383,38.934391603727,0
2459134.9226157,ZTF_r,49.3779859799424,33.9575646519576,0
2459135.7959606,ZTF_g,-57.8414410904823,23.1322033036412,0
2459135.8935069,ZTF_r,-33.7238475552728,26.594242146827,0
2459135.8939699,ZTF_r,5.35894419504341,28.0756109074022,0
2459135.9201852,ZTF_g,-16.5070777376102,27.9240606377368,0
2459136.8142245,ZTF_r,-26.5481514887325,26.702602988022,0
2459136.8151505,ZTF_r,56.9948658070483,29.2573583366897,0
2459136.8174884,ZTF_r,-42.8111439660303,23.5957001521247,0
2459136.8184375,ZTF_r,-0.655815322460634,24.6675895198323,0
2459136.8775347,ZTF_g,0.221771100165705,24.9445397525851,0
2459136.8779977,ZTF_g,32.6095210172822,25.2103121472518,0
2459136.8784606,ZTF_g,-23.9759354197687,23.2111468439458,0
2459136.9074884,ZTF_g,35.9561007075847,25.8525018331116,0
2459137.8579398,ZTF_r,-18.0222511811042,26.0047266867053,0
2459137.8589005,ZTF_r,9.44614353708856,29.493059234142,0
2459137.9009722,ZTF_g,-29.6313470322207,27.8067144536289,0
2459137.9041551,ZTF_g,11.4412671725427,27.3945746852665,0
2459138.8352894,ZTF_r,63.0363147489209,32.8460034580637,0
2459138.8505324,ZTF_r,9.79017644174816,40.4129493907696,0
2459138.8514699,ZTF_r,-16.1806703809791,31.6710745151489,0
2459138.8523958,ZTF_r,-22.7391945540766,30.5142689722546,0
2459138.8599537,ZTF_g,33.4830982062916,31.8352943833376,0
2459138.8735069,ZTF_g,22.0709036759214,30.7102344721199,0
2459138.8739699,ZTF_g,-0.751399784646661,29.5262021844171,0
2459138.8744444,ZTF_g,4.43990454357186,28.4218686285005,0
2459139.8002083,ZTF_r,-30.1298037044569,26.9113066630923,0
2459139.8006829,ZTF_r,59.7308344220099,30.0324453591094,0
2459139.8959954,ZTF_g,37.2918484719073,25.0037359555385,0
2459140.8577894,ZTF_r,0.109483849905576,29.1022054987888,0
2459140.8617708,ZTF_r,6.71216607127869,31.7045081874908,0
2459140.8622454,ZTF_r,-18.1798769673061,25.7234565421443,0
2459140.8641088,ZTF_r,-22.799435916648,26.3593921655304,0
2459140.8771875,ZTF_g,-2.69410552098869,29.5933746385268,0
2459140.877662,ZTF_g,-58.7826078437503,27.499496369614,0
2459140.878125,ZTF_g,6.07986793403285,31.0987927590898,0
2459140.8785995,ZTF_g,-31.9858554002428,26.1245302584714,0
2459141.8155787,ZTF_g,-37.3604232583795,22.072700459821,0
2459141.8160417,ZTF_g,2.64666667200089,23.8091406843275,0
2459141.8482292,ZTF_r,-61.9397217469454,32.9098078761489,0
2459141.8486921,ZTF_r,-5.56108211046625,31.225938422878,0
2459142.8579977,ZTF_r,-20.4157565194219,27.9237389296832,0
2459142.8589352,ZTF_r,-6.44369375914744,27.8689107842886,0
2459142.8598727,ZTF_r,-10.0281342925824,27.3557286898289,0
2459142.8722338,ZTF_r,-7.63995649492912,26.3671705115466,0
2459142.8776968,ZTF_g,6.83410372126493,25.9716419923112,0
2459142.8781597,ZTF_g,-24.075457263345,23.5394744878713,0
2459142.8795833,ZTF_g,1.41231332133979,25.5666872462319,0
2459142.8800579,ZTF_g,29.962107620468,24.6785983686048,0
2459143.8347222,ZTF_r,2.67658696507101,22.4242136238818,0
2459143.8356481,ZTF_r,3.0639982611717,23.3902967060789,0
2459143.864838,ZTF_g,-36.9686807812035,20.2438608223338,0
2459143.8657639,ZTF_g,-23.8203688049952,23.0171907507742,0
2459144.8609606,ZTF_g,-9.9525061918689,18.9065933166759,0
2459144.8618866,ZTF_g,-36.35976201351,17.7560940413261,0
2459144.8628472,ZTF_g,-22.2145117815379,16.8743707420028,0
2459144.9021296,ZTF_r,24.225700679858,19.1005473150915,0
2459144.9058681,ZTF_r,48.4304142728313,18.9272571730277,0
2459144.906331,ZTF_r,48.406334024826,23.9270763841017,0
2459144.9068056,ZTF_r,-13.3100911791391,20.7337769267144,0
2459145.7880208,ZTF_g,39.4857502076778,19.2522904649661,0
2459145.7889468,ZTF_g,49.0897229824709,21.8385734505882,0
2459145.836956,ZTF_r,42.0226671350424,20.7800438253261,0
2459145.8388426,ZTF_r,56.7314399687602,20.0552254595975,0
2459146.7951736,ZTF_r,9.77491535050598,38.9648981535536,0
2459146.7956481,ZTF_r,-11.6587259742734,45.4288926583482,0
2459146.7961111,ZTF_r,33.8490746041601,37.7800339373625,0
2459146.7970486,ZTF_r,18.9107056043241,37.6472203360923,0
2459149.8523495,ZTF_r,239.368494940709,62.5904167959319,0
2459149.853287,ZTF_r,251.12647284189,69.9133105849077,56
2459149.85375,ZTF_r,129.833186355511,75.254279142419,0
2459149.9166782,ZTF_g,141.391435728521,73.9057570430516,0
2459149.948125,ZTF_g,270.04966214432,48.1963745366846,0
2459150.7939005,ZTF_r,305.933744100218,65.6483505198361,0
2459150.8808565,ZTF_g,262.65364580652,75.5005700703823,0
2459151.7725347,ZTF_g,476.719819165725,111.63572494761,0
2459151.8157986,ZTF_g,651.452507585536,86.6838827395459,0
2459151.8494676,ZTF_r,377.052042357184,79.7793234010819,0
2459151.8504051,ZTF_r,381.512510939322,83.2375237054443,0
2459152.7641551,ZTF_g,528.637798181581,105.824005333657,0
2459152.8798148,ZTF_r,611.698501604959,113.445341058599,0
2459153.7452315,ZTF_g,468.976190499739,116.671966377432,0
2459153.7456944,ZTF_g,421.665833773021,128.990526931203,0
2459153.8316435,ZTF_r,318.916307524392,115.901892220941,0
2459153.8321181,ZTF_r,600.454804694779,109.325613443746,0
2459154.810162,ZTF_g,746.680220412355,114.842920634122,0
2459154.8174653,ZTF_g,747.825472813385,113.179693453668,0
2459154.8184028,ZTF_g,770.201642955708,102.342443138341,0
2459155.7131366,ZTF_g,601.596000156514,108.097110691149,0
2459155.7136111,ZTF_g,678.538066674731,100.862400746654,0
2459155.7140741,ZTF_g,698.546155673923,101.881416510247,0
2459155.7145486,ZTF_g,645.611081524946,92.0544024055274,0
2459155.7154745,ZTF_g,745.046193492647,86.2378415414602,0
2459155.7531134,ZTF_r,589.272669474846,91.2034755793239,0
2459155.7672801,ZTF_r,662.375670153384,73.4670021676707,0
2459155.7749769,ZTF_r,726.47610880841,66.586856446258,0
2459155.7759144,ZTF_r,657.074187795708,62.5302601623211,0
2459155.7768519,ZTF_r,694.150859016883,73.0230170620022,0
2459156.7978819,ZTF_r,768.997520720551,52.8722998488499,0
2459156.7998495,ZTF_r,245.615613333163,35.8918712575365,0
2459156.8017708,ZTF_r,721.592463637634,50.4397020558703,0
2459156.8363657,ZTF_g,893.543646901542,72.32743360573,0
2459156.8789468,ZTF_g,914.598047011603,76.4942708501121,0
2459156.8798727,ZTF_g,913.938119774479,85.8418080855818,56
2459156.9313657,ZTF_g,718.053515557211,99.2793855288166,0
2459157.8684722,ZTF_g,792.922935665223,62.9556778679355,0
2459157.8694097,ZTF_g,877.018640959632,66.9005050753025,0
2459157.9264583,ZTF_r,615.22751330311,66.8240007174968,0
2459157.9374421,ZTF_r,525.55477733289,78.6762983210082,0
2459158.783125,ZTF_g,895.213163757138,63.7757145548451,0
2459158.7840625,ZTF_g,834.28563827455,61.4160272461148,0
2459158.785,ZTF_g,811.691556854489,60.9392088070118,0
2459158.785463,ZTF_g,916.35670459303,71.5131087645823,0
2459158.7896759,ZTF_g,964.473939939558,74.2463457459969,0
2459158.8347685,ZTF_r,826.890723089677,68.8965975297803,0
2459158.8464236,ZTF_r,666.760201612523,76.0152890432191,0
2459158.8468866,ZTF_r,646.419482370957,66.2857803201012,0
2459158.8478241,ZTF_r,739.27761600307,62.2702276608895,0
2459158.8487616,ZTF_r,785.825963874455,68.9377493136774,0
2459164.8126389,ZTF_r,404.456089892672,29.4496188144366,56
2459164.8703472,ZTF_g,955.105687409778,38.9565077542195,0
2459164.8708218,ZTF_g,863.768722371645,35.2796546582563,0
2459165.6915046,ZTF_g,860.710717236756,46.3517947787973,0
2459165.6924421,ZTF_g,890.275484230273,40.1191085198555,0
2459165.8124421,ZTF_g,951.120219577214,29.9327911268936,0
2459165.8153241,ZTF_r,928.15721306662,38.3582916590204,0
2459165.815787,ZTF_r,938.866049561425,30.7859277905469,56
2459165.8167245,ZTF_r,888.308508653787,30.0483353694962,56
2459165.817662,ZTF_r,912.712928996762,27.4194772480735,56
2459165.818125,ZTF_r,879.492213464647,41.1712437612927,0
2459166.8108796,ZTF_r,859.80137770158,32.7178255204316,56
2459166.8113426,ZTF_r,880.126521263935,36.2943112856588,0
2459166.8118171,ZTF_r,674.745128886611,24.8210343079757,56
2459166.8833912,ZTF_g,890.334508028438,34.1036837674431,0
2459166.8887153,ZTF_g,768.75743992763,34.0165782623491,0
2459167.7377083,ZTF_r,804.040752544934,47.1769764378449,0
2459167.8149884,ZTF_r,800.369424806895,42.5804867279368,56
2459167.8159259,ZTF_r,820.218118677574,43.7676099905079,56
2459167.819213,ZTF_r,764.27937490982,46.4750229351958,56
2459167.8265741,ZTF_g,745.829716032122,49.9319197723176,0
2459167.8654514,ZTF_g,785.170723209849,66.1073810562973,0
2459168.7306019,ZTF_g,835.582381753317,34.3079891750559,0
2459168.7310764,ZTF_g,894.079910118715,34.9291374248229,0
2459168.7694213,ZTF_g,839.417469612933,31.7228587402486,0
2459168.7703588,ZTF_g,916.093423634194,31.6212434464041,0
2459168.7764236,ZTF_r,892.655067875173,45.1845425375973,0
2459168.7962153,ZTF_r,862.392158381228,36.3169428990948,0
2459168.7966782,ZTF_r,856.793302650384,43.3607651746385,0
2459168.8119792,ZTF_r,838.392515837643,33.4238439966227,56
2459169.7783218,ZTF_r,810.996494775783,34.1418827291404,0
2459169.7792593,ZTF_r,781.180807122798,33.6582229903783,0
2459169.7811343,ZTF_r,730.26215605253,31.3939805968038,0
2459169.8161921,ZTF_g,797.33743984348,37.8310717063701,0
2459169.8171296,ZTF_g,775.760543107947,36.6224203968768,0
2459169.8180556,ZTF_g,759.745564805349,35.7592554019547,0
2459170.7287847,ZTF_g,856.024798231696,33.5135007291327,0
2459170.7292593,ZTF_g,754.912637153485,37.430852415593,0
2459170.74375,ZTF_g,802.81450405869,28.7900389744714,0
2459170.7442245,ZTF_g,776.096792176256,37.0229337785099,0
2459170.7693287,ZTF_r,708.483177835612,37.4748108681333,0
2459170.7697917,ZTF_r,818.008576940627,39.1776165073649,0
2459170.7702662,ZTF_r,722.536135104296,33.7199150824895,0
2459170.7891204,ZTF_r,743.237199417634,43.85906389617,0
2459171.7613426,ZTF_g,716.775419607837,34.4135023517649,0
2459171.7622801,ZTF_g,778.59776292207,30.8611179371562,0
2459171.7646181,ZTF_g,749.774305054617,35.1437498477001,0
2459171.765081,ZTF_g,781.443840678373,32.1109926156833,0
2459171.8731713,ZTF_r,723.693160794677,32.2028091318008,0
2459171.8736343,ZTF_r,696.905505769786,34.8881891412161,0
2459171.8741088,ZTF_r,751.984470902428,33.6677080565673,0
2459172.7379282,ZTF_g,711.828143659003,39.911580152304,0
2459172.7525347,ZTF_g,628.923362015537,38.6490074374689,0
2459173.7311227,ZTF_r,714.445708025075,31.6756397372535,0
2459173.7961227,ZTF_g,630.626182954854,32.6842891892568,0
2459174.755,ZTF_g,372.78499598904,39.533188296851,0
2459174.7559375,ZTF_g,366.444150688173,33.0551702592921,0
2459176.7570139,ZTF_g,351.305258977895,67.9603729910014,0
2459176.7574884,ZTF_g,464.093539291356,47.8521021320565,0
2459176.7584144,ZTF_g,477.721670287781,47.3318861673399,0
2459176.7810764,ZTF_r,313.100139701987,59.5148278782502,0
2459176.7820139,ZTF_r,427.250438701652,55.4543788663808,0
2459176.7939236,ZTF_r,532.214835733843,53.0872469510518,0
2459178.6713889,ZTF_g,464.700598841496,66.7518079400931,0
2459178.674213,ZTF_g,416.83481132422,61.3778076466767,0
2459178.6751505,ZTF_g,436.861074645234,59.4267161851965,0
2459178.7320486,ZTF_r,559.560714716795,50.4676381209087,0
2459178.7721181,ZTF_r,510.720124171387,58.3510664340945,0
2459178.7730556,ZTF_r,487.993256640611,45.1406608327509,0
2459180.6898958,ZTF_g,249.269578440287,158.310595694344,0
2459180.7116898,ZTF_g,174.588166334606,189.288175317749,0
2459180.7503704,ZTF_r,498.597529612315,150.621701364728,0
2459180.7699653,ZTF_r,441.295918725041,188.825597706805,0
2459182.6189699,ZTF_r,423.281263062976,99.8837054962246,0
2459182.7287384,ZTF_g,335.847853646383,86.1286073883952,0
2459182.7292014,ZTF_g,363.442548603038,96.1497298454256,0
2459182.8587384,ZTF_r,460.614985034143,92.4037379303233,0
2459184.7041898,ZTF_g,157.678795735712,84.2085532291967,0
2459184.7046528,ZTF_g,350.418866146165,99.2014647909957,0
2459184.7110301,ZTF_g,247.895155047222,109.191782389391,0
2459184.7114931,ZTF_g,181.66418622215,97.6486780199832,0
2459184.7372801,ZTF_g,345.482944459907,106.260814421548,0
2459184.7377431,ZTF_g,280.028575070564,86.7803496362225,0
2459184.7522222,ZTF_r,435.280618401023,79.8898663845604,0
2459184.7526852,ZTF_r,493.806064930523,68.2534230104892,56
2459184.7725231,ZTF_r,428.374179808197,82.2591228874043,0
2459184.7918866,ZTF_r,513.023269308031,60.9037768994033,0
2459184.8023495,ZTF_r,529.515810125121,66.3986301803696,56
2459184.8123843,ZTF_r,475.892847166986,76.7683394742088,0
2459184.8148727,ZTF_i,149.883889455222,46.3586162552901,56
2459184.8153356,ZTF_i,79.236364461561,46.3997109189373,0
2459185.5925231,ZTF_g,175.366369301032,81.8914170427566,0
2459185.6116319,ZTF_g,338.068712936076,83.0975759903226,0
2459185.6740856,ZTF_g,139.569536712292,76.1393981315605,0
2459185.7313773,ZTF_r,411.697536391284,64.9173889759019,0
2459185.7441435,ZTF_r,494.630180011338,51.5000290282383,56
2459185.7451042,ZTF_r,431.311461482894,58.4602388045182,0
2459185.753588,ZTF_r,437.67313673784,56.9382190462021,56
2459185.8022917,ZTF_g,223.155969499674,73.8113255888603,0
2459185.8051157,ZTF_g,383.954787232855,81.9836846049013,0
2459185.8447917,ZTF_r,601.944049610767,77.5743053688208,0
2459186.7087847,ZTF_g,195.13009897985,122.531986471709,0
2459186.736412,ZTF_r,256.418476157183,103.355467310312,0
2459186.8152778,ZTF_r,421.243001878801,143.233263489904,0
2459187.6457292,ZTF_g,147.150555113491,39.7828108309256,0
2459187.6461921,ZTF_g,218.531107916069,52.9453313280575,0
2459187.6855093,ZTF_r,428.077876550059,64.7149457215519,0
2459187.6922338,ZTF_g,113.558298084876,58.3706204654739,0
2459187.7499074,ZTF_r,378.487142807847,61.4032934022161,0
2459187.7702083,ZTF_i,130.748958191058,41.1514426240004,56
2459187.7706829,ZTF_i,213.503332838842,63.6460700874557,0
2459187.787581,ZTF_r,389.680046495328,67.5119985316901,56
2459187.788044,ZTF_r,415.358375921987,64.2260631288967,56
2459187.7899769,ZTF_r,325.108989134982,72.2234701485839,0
2459187.8430787,ZTF_g,216.82436046019,102.869222619054,0
2459187.8687616,ZTF_g,42.1287431538395,115.848660776087,0
2459188.690081,ZTF_g,178.287157078125,40.4907292599533,0
2459188.6910185,ZTF_g,242.812587729698,45.2259199026093,0
2459188.7096181,ZTF_g,73.7915149273444,67.4847149833264,0
2459188.7318866,ZTF_r,412.31340324826,70.2718452871437,0
2459188.7352546,ZTF_r,406.947366965775,50.8206522634532,56
2459188.7513426,ZTF_r,375.134160223547,52.7993486076667,0
2459188.7518056,ZTF_r,372.386149519018,47.6315671475697,56
2459188.7527431,ZTF_r,398.645941460666,47.3629404272088,56
2459188.7755903,ZTF_r,359.05220030584,49.2669342150576,0
2459188.8096412,ZTF_r,369.995393205918,50.7010677660995,0
2459188.8527894,ZTF_g,135.133489505199,73.3297947305262,0
2459189.6263542,ZTF_g,164.516325649892,38.206576131238,0
2459189.6563657,ZTF_g,159.396389232031,46.0435998530843,0
2459189.7174306,ZTF_r,446.11337729141,32.5046624193709,56
2459189.7311458,ZTF_r,387.590691327004,35.8055775111286,0
2459189.7365162,ZTF_r,413.057435125733,32.5003815092958,56
2459189.8061574,ZTF_g,193.5025222038,52.5409985843041,0
2459189.8066204,ZTF_g,61.6649178451599,47.7481731016444,0
2459190.6842477,ZTF_r,394.142601903553,31.3135367983529,0
2459190.6875463,ZTF_r,426.017643805994,41.2086313489838,0
2459190.6908565,ZTF_r,345.693337864661,30.46918524566,0
2459190.7567477,ZTF_i,33.6983361857066,41.4625550845046,0
2459190.8253472,ZTF_g,112.693303760355,74.7865376618263,0
2459192.6663889,ZTF_r,164.523391700271,59.7668417274906,0
2459192.7091667,ZTF_g,184.639263212486,39.2697713156429,0
2459193.6963542,ZTF_g,43.0051174519646,36.773970461959,0
2459193.7080903,ZTF_g,100.280278911221,28.3850120041368,0
2459193.7114005,ZTF_r,250.353288644033,37.9353706431463,0
2459193.733206,ZTF_r,55.540274370079,13.2140283823521,56
2459193.7360648,ZTF_r,322.346714379105,28.5769017847629,0
2459193.7365394,ZTF_r,360.003655720841,33.4444147562769,0
2459193.7591204,ZTF_r,333.735609462648,31.2917582055788,56
2459193.7923264,ZTF_g,100.961318094196,35.3365509178094,0
2459194.6666667,ZTF_r,327.519905723944,42.7707624665257,56
2459194.6898032,ZTF_g,36.1081947431974,30.7127657940001,0
2459194.6902662,ZTF_g,140.941675211083,41.4326872251223,0
2459194.6907407,ZTF_g,56.116008504197,32.3830650998525,0
2459194.7436343,ZTF_g,163.193437830015,45.3389261782513,0
2459194.7441088,ZTF_g,17.8374197623893,29.5090708441438,0
2459194.7891435,ZTF_r,201.579256744182,42.237236274184,56
2459194.7896065,ZTF_r,326.753679725269,43.0418932849497,56
2459194.7907292,ZTF_r,401.471001128185,42.88989437669,0
2459194.7912037,ZTF_r,246.227679667242,37.9112816529812,0
2459195.6916435,ZTF_r,310.183024305716,28.1782528661174,56
2459195.7108333,ZTF_r,254.757043462823,31.8314756688496,0
2459195.7250347,ZTF_r,318.693285717039,34.7991353345487,56
2459195.7259722,ZTF_r,328.007829795369,32.5543197841899,56
2459195.748831,ZTF_g,89.3515411736965,30.4880435975776,0
2459195.7497685,ZTF_g,82.8816372399139,32.0965142175972,0
2459195.7502431,ZTF_g,80.6304992065481,44.1167015080501,0
2459195.7535301,ZTF_r,330.038249689531,33.2978910618853,56
2459195.7540046,ZTF_r,329.441331486398,40.659881993638,0
2459196.7417824,ZTF_g,31.4044010427784,64.8808191604921,0
2459196.7427315,ZTF_g,65.7896140979493,70.125466051126,0
2459196.7741319,ZTF_r,397.559446545467,96.3002352311083,0
2459196.7874537,ZTF_r,170.641226192921,47.6044320458652,56
2459197.7312731,ZTF_r,87.4705659910733,63.8354503765966,0
2459197.7322106,ZTF_r,94.392267586267,60.5724075167303,0
2459197.7326852,ZTF_r,141.78499849867,49.9529967576197,56
2459197.7336227,ZTF_r,222.574197829424,43.9265390838105,56
2459197.7491435,ZTF_r,158.356979912898,44.3258775665794,56
2459198.6502083,ZTF_g,126.467104116024,36.5334350683098,0
2459198.6682407,ZTF_g,46.8718436967392,49.3031723575211,0
2459198.6904861,ZTF_g,88.939557212409,40.8615827254442,0
2459198.7116667,ZTF_r,266.064936173307,51.2699868782376,56
2459199.7115972,ZTF_r,348.26121929097,54.6211990912704,0
2459199.7139352,ZTF_r,186.018577606234,43.7427736466658,0
2459199.7313194,ZTF_r,152.382263022468,44.8842382373458,0
2459199.7743634,ZTF_g,79.0383705420771,36.0723918951967,0
2459199.7748264,ZTF_g,56.8125619134908,50.1335523102541,0
2459199.7753009,ZTF_g,82.6710292359428,41.6300379717629,0
2459200.6233218,ZTF_r,2.74994446734928,11.2356893499656,56
2459200.6703472,ZTF_g,42.6344974109229,28.0937411960265,0
2459200.7731481,ZTF_i,46.6690673337254,33.4932283148685,56
2459202.7090856,ZTF_g,74.0212447762025,42.5640170389278,0
2459202.7095602,ZTF_g,27.5149195199047,39.8664721302047,0
2459202.7104977,ZTF_g,66.4770632099783,37.2876999164267,0
2459202.7569097,ZTF_r,180.006626857094,53.9807173584877,56
2459202.7578472,ZTF_r,251.629767076792,48.5488363787792,56
2459202.8076273,ZTF_r,277.472765064943,73.3928846307374,0
2459203.6747454,ZTF_g,97.565180326639,42.1637399344103,0
2459203.6888542,ZTF_r,181.065997469435,41.8519741427911,56
2459203.7535185,ZTF_i,67.9769208862945,45.0629656244358,56
2459203.7539931,ZTF_i,30.3605772200761,45.4250838872369,0
2459204.698831,ZTF_r,179.885996061674,52.8572260715583,0
2459204.699294,ZTF_r,215.457454423055,44.0684872463634,56
2459204.7002431,ZTF_r,212.519072988035,40.0404123344732,56
2459204.7300463,ZTF_g,-31.0117786760657,42.3615805060404,0
2459204.7484028,ZTF_g,54.2011484359524,50.7872395731395,0
2459204.7488773,ZTF_g,38.6484873303218,60.0524609428656,0
2459205.6673727,ZTF_r,182.390308937617,33.1750511679341,56
2459205.7319676,ZTF_g,22.6006830974857,46.1385783674961,0
2459206.6278125,ZTF_i,-81.5941648102349,123.327890210126,0
2459206.628287,ZTF_i,137.320666449164,111.149177405999,0
2459206.6826852,ZTF_g,23.766865859611,117.026610312201,0
2459206.6859491,ZTF_g,-22.5913238363247,122.734086522308,0
2459206.7116551,ZTF_r,-133.709983286656,167.832826340388,0
2459206.7333912,ZTF_r,75.6826241929623,91.7784153425713,56
2459206.7348148,ZTF_r,-45.827513536489,58.9932332970534,56
2459206.7644676,ZTF_g,44.3769685834697,116.285880375279,0
2459207.7060301,ZTF_r,539.412541409701,275.79282208447,0
2459210.689375,ZTF_g,104.100923999636,86.1999030889841,0
2459210.689838,ZTF_g,175.97268803049,79.6929376721396,0
2459210.6907755,ZTF_g,107.230306248947,86.1122493369442,0
2459210.7803819,ZTF_r,163.171363851776,89.2899189416459,0
2459210.803287,ZTF_r,257.855275973944,94.7170059701568,0
2459210.8042593,ZTF_r,368.130521370471,99.2020236839753,0
2459211.6677083,ZTF_r,85.1599422424398,66.6680768177642,0
2459211.688669,ZTF_i,25.7416902293044,49.8640396874669,0
2459211.6891435,ZTF_i,60.3719422520325,39.208901723999,56
2459215.7080903,ZTF_g,-42.6903426638849,101.172867052377,0
2459215.7457986,ZTF_r,227.676443430403,95.3482544329038,56
2459216.6862153,ZTF_g,18.0137326867441,57.1008922330005,0
2459216.6866898,ZTF_g,-80.7389759371387,66.7714417460415,0
2459216.6871528,ZTF_g,-78.0759700643402,66.0359319016464,0
2459216.7145833,ZTF_r,100.067855893844,53.6435206633444,56
2459216.7155208,ZTF_r,188.510261708638,58.2114089907762,56
2459216.7169329,ZTF_r,34.0277137137873,74.8987052195179,0
2459217.6268981,ZTF_r,106.127168274064,65.7201864809261,0
2459217.689456,ZTF_i,-21.5678288981735,51.2699220868086,0
2459217.70875,ZTF_i,-26.8773825530798,36.3050680811662,56
2459218.671088,ZTF_r,114.989012993259,48.3201281338577,0
2459218.6715625,ZTF_r,103.347773382335,41.845427256212,0
2459218.6926273,ZTF_g,19.8064615608957,36.5180531477266,0
2459218.6931019,ZTF_g,58.2653752797381,35.0943270629538,0
2459220.6478819,ZTF_g,-0.749879007506405,40.2644177255437,0
2459220.6530324,ZTF_g,40.1371797733666,28.3377648540286,0
2459220.7140394,ZTF_r,109.586367317185,40.7866680016002,56
2459222.7082755,ZTF_r,123.901604520949,36.008951600619,56
2459222.70875,ZTF_r,105.238490093954,43.4815463745443,0
2459224.6683102,ZTF_g,47.897057618384,38.3727323382209,0
2459224.6706944,ZTF_g,6.62316788000591,52.2525086427011,0
2459224.7148611,ZTF_r,20.1968743539012,41.8448335919143,56
2459224.7153241,ZTF_r,80.8167379703033,72.2055922851267,0
2459226.6493056,ZTF_r,55.3438636054737,60.4482312537984,0
2459226.691956,ZTF_g,-0.378409925866803,51.8493269134714,0
2459226.6924306,ZTF_g,97.8585696649343,60.8836343282212,0
2459228.6288079,ZTF_r,98.1655753446134,64.2147100642298,0
2459228.6292824,ZTF_r,23.3695201883093,59.7749510358551,56
2459228.6703009,ZTF_g,21.1882851738483,39.0283155889201,0
2459228.6717014,ZTF_g,-59.174191459841,54.9535191407033,0
2459230.6712963,ZTF_g,47.8085323124827,44.3881927132875,0
2459230.6717593,ZTF_g,61.1931013198831,37.1599313343812,0
2459232.6102431,ZTF_g,27.115788143462,32.4536783599934,0
2459232.6107176,ZTF_g,37.5634063994597,30.8612623304911,0
2459248.627338,ZTF_g,-19.3896184471716,37.366446712041,0
2459248.6484028,ZTF_r,14.1162921393865,48.0482043445901,0
2459248.6665162,ZTF_r,103.588026266946,34.9142189444214,56
2459250.6482292,ZTF_r,-21.127765412882,68.8154922293647,0
2459250.6723495,ZTF_r,110.114917601887,69.3669548743433,0
2459252.6277083,ZTF_g,38.3914815403599,39.6575252102724,0
2459252.6281713,ZTF_g,53.5828732200602,33.21929795205,0
2459252.6479398,ZTF_r,70.072729053717,47.2102599570334,0
2459252.6484144,ZTF_r,63.5947360080117,31.7884861992451,56
2459254.6266898,ZTF_g,10.8269580603667,33.6986511553733,0
2459254.6290394,ZTF_g,-63.5098022099531,32.9303480856439,0
2459254.6493171,ZTF_r,60.2019505636864,37.8097954181163,0
2459254.6497801,ZTF_r,35.7783663174644,30.0954716723419,56
2459256.6291898,ZTF_g,54.3385864744752,34.9217133826242,0
2459256.6296644,ZTF_g,8.68474736537854,45.9830457678212,0
2459256.6483449,ZTF_r,65.6388439462969,46.7102239325906,0
2459256.685544,ZTF_r,5.04224897282953,53.3575446660899,0
2459262.6498843,ZTF_g,57.6174960506732,58.4624473803049,0
2459264.6348958,ZTF_g,194.263368476063,63.0510187174151,0
2459264.663206,ZTF_r,22.4222300142663,73.5137292134679,0
